<?xml version="1.0"?>

<valgrindoutput>

<protocolversion>4</protocolversion>
<protocoltool>memcheck</protocoltool>

<preamble>
  <line>Memcheck, a memory error detector</line>
  <line>Copyright (C) 2002-2011, and GNU GPL'd, by Julian Seward et al.</line>
  <line>Using Valgrind-3.7.0 and LibVEX; rerun with -h for copyright info</line>
  <line>Command: bin/Debug/tp3 </line>
</preamble>

<pid>3409</pid>
<ppid>2447</ppid>
<tool>memcheck</tool>

<args>
  <vargv>
    <exe>/usr/bin/valgrind.bin</exe>
    <arg>--suppressions=/usr/lib/valgrind/debian-libc6-dbg.supp</arg>
    <arg>--leak-check=yes</arg>
    <arg>--xml=yes</arg>
    <arg>--xml-file=ValgrindOut.xml</arg>
  </vargv>
  <argv>
    <exe>bin/Debug/tp3</exe>
    <arg></arg>
  </argv>
</args>

<status>
  <state>RUNNING</state>
  <time>00:00:00:00.075 </time>
</status>

<error>
  <unique>0x0</unique>
  <tid>1</tid>
  <kind>UninitCondition</kind>
  <what>Conditional jump or move depends on uninitialised value(s)</what>
  <stack>
    <frame>
      <ip>0x8049505</ip>
      <obj>/home/guido/AED2/tp3/bin/Debug/tp3</obj>
      <fn>aed2::ArbolCategorias::DatosCat::operator==(aed2::ArbolCategorias::DatosCat const&amp;) const</fn>
      <dir>/home/guido/AED2/tp3</dir>
      <file>ArbolCategorias.cpp</file>
      <line>121</line>
    </frame>
    <frame>
      <ip>0x8052E05</ip>
      <obj>/home/guido/AED2/tp3/bin/Debug/tp3</obj>
      <fn>datosLinkNuevoEsVacio()</fn>
      <dir>/home/guido/AED2/tp3</dir>
      <file>tests.cpp</file>
      <line>95</line>
    </frame>
    <frame>
      <ip>0x805672D</ip>
      <obj>/home/guido/AED2/tp3/bin/Debug/tp3</obj>
      <fn>main</fn>
      <dir>/home/guido/AED2/tp3</dir>
      <file>tests.cpp</file>
      <line>212</line>
    </frame>
  </stack>
</error>

<error>
  <unique>0x1</unique>
  <tid>1</tid>
  <kind>UninitCondition</kind>
  <what>Conditional jump or move depends on uninitialised value(s)</what>
  <stack>
    <frame>
      <ip>0x8049511</ip>
      <obj>/home/guido/AED2/tp3/bin/Debug/tp3</obj>
      <fn>aed2::ArbolCategorias::DatosCat::operator==(aed2::ArbolCategorias::DatosCat const&amp;) const</fn>
      <dir>/home/guido/AED2/tp3</dir>
      <file>ArbolCategorias.cpp</file>
      <line>121</line>
    </frame>
    <frame>
      <ip>0x8052E05</ip>
      <obj>/home/guido/AED2/tp3/bin/Debug/tp3</obj>
      <fn>datosLinkNuevoEsVacio()</fn>
      <dir>/home/guido/AED2/tp3</dir>
      <file>tests.cpp</file>
      <line>95</line>
    </frame>
    <frame>
      <ip>0x805672D</ip>
      <obj>/home/guido/AED2/tp3/bin/Debug/tp3</obj>
      <fn>main</fn>
      <dir>/home/guido/AED2/tp3</dir>
      <file>tests.cpp</file>
      <line>212</line>
    </frame>
  </stack>
</error>

<error>
  <unique>0x2</unique>
  <tid>1</tid>
  <kind>UninitCondition</kind>
  <what>Conditional jump or move depends on uninitialised value(s)</what>
  <stack>
    <frame>
      <ip>0x804951D</ip>
      <obj>/home/guido/AED2/tp3/bin/Debug/tp3</obj>
      <fn>aed2::ArbolCategorias::DatosCat::operator==(aed2::ArbolCategorias::DatosCat const&amp;) const</fn>
      <dir>/home/guido/AED2/tp3</dir>
      <file>ArbolCategorias.cpp</file>
      <line>121</line>
    </frame>
    <frame>
      <ip>0x8052E05</ip>
      <obj>/home/guido/AED2/tp3/bin/Debug/tp3</obj>
      <fn>datosLinkNuevoEsVacio()</fn>
      <dir>/home/guido/AED2/tp3</dir>
      <file>tests.cpp</file>
      <line>95</line>
    </frame>
    <frame>
      <ip>0x805672D</ip>
      <obj>/home/guido/AED2/tp3/bin/Debug/tp3</obj>
      <fn>main</fn>
      <dir>/home/guido/AED2/tp3</dir>
      <file>tests.cpp</file>
      <line>212</line>
    </frame>
  </stack>
</error>

<error>
  <unique>0x3</unique>
  <tid>1</tid>
  <kind>UninitCondition</kind>
  <what>Conditional jump or move depends on uninitialised value(s)</what>
  <stack>
    <frame>
      <ip>0x80492C3</ip>
      <obj>/home/guido/AED2/tp3/bin/Debug/tp3</obj>
      <fn>aed2::ArbolCategorias::DatosCat::~DatosCat()</fn>
      <dir>/home/guido/AED2/tp3</dir>
      <file>ArbolCategorias.cpp</file>
      <line>54</line>
    </frame>
    <frame>
      <ip>0x8052E28</ip>
      <obj>/home/guido/AED2/tp3/bin/Debug/tp3</obj>
      <fn>datosLinkNuevoEsVacio()</fn>
      <dir>/home/guido/AED2/tp3</dir>
      <file>tests.cpp</file>
      <line>95</line>
    </frame>
    <frame>
      <ip>0x805672D</ip>
      <obj>/home/guido/AED2/tp3/bin/Debug/tp3</obj>
      <fn>main</fn>
      <dir>/home/guido/AED2/tp3</dir>
      <file>tests.cpp</file>
      <line>212</line>
    </frame>
  </stack>
</error>

<error>
  <unique>0x4</unique>
  <tid>1</tid>
  <kind>UninitCondition</kind>
  <what>Conditional jump or move depends on uninitialised value(s)</what>
  <stack>
    <frame>
      <ip>0x8049505</ip>
      <obj>/home/guido/AED2/tp3/bin/Debug/tp3</obj>
      <fn>aed2::ArbolCategorias::DatosCat::operator==(aed2::ArbolCategorias::DatosCat const&amp;) const</fn>
      <dir>/home/guido/AED2/tp3</dir>
      <file>ArbolCategorias.cpp</file>
      <line>121</line>
    </frame>
    <frame>
      <ip>0x8052E9B</ip>
      <obj>/home/guido/AED2/tp3/bin/Debug/tp3</obj>
      <fn>datosLinkNuevoEsVacio()</fn>
      <dir>/home/guido/AED2/tp3</dir>
      <file>tests.cpp</file>
      <line>95</line>
    </frame>
    <frame>
      <ip>0x805672D</ip>
      <obj>/home/guido/AED2/tp3/bin/Debug/tp3</obj>
      <fn>main</fn>
      <dir>/home/guido/AED2/tp3</dir>
      <file>tests.cpp</file>
      <line>212</line>
    </frame>
  </stack>
</error>

<error>
  <unique>0x5</unique>
  <tid>1</tid>
  <kind>UninitCondition</kind>
  <what>Conditional jump or move depends on uninitialised value(s)</what>
  <stack>
    <frame>
      <ip>0x8049511</ip>
      <obj>/home/guido/AED2/tp3/bin/Debug/tp3</obj>
      <fn>aed2::ArbolCategorias::DatosCat::operator==(aed2::ArbolCategorias::DatosCat const&amp;) const</fn>
      <dir>/home/guido/AED2/tp3</dir>
      <file>ArbolCategorias.cpp</file>
      <line>121</line>
    </frame>
    <frame>
      <ip>0x8052E9B</ip>
      <obj>/home/guido/AED2/tp3/bin/Debug/tp3</obj>
      <fn>datosLinkNuevoEsVacio()</fn>
      <dir>/home/guido/AED2/tp3</dir>
      <file>tests.cpp</file>
      <line>95</line>
    </frame>
    <frame>
      <ip>0x805672D</ip>
      <obj>/home/guido/AED2/tp3/bin/Debug/tp3</obj>
      <fn>main</fn>
      <dir>/home/guido/AED2/tp3</dir>
      <file>tests.cpp</file>
      <line>212</line>
    </frame>
  </stack>
</error>

<error>
  <unique>0x6</unique>
  <tid>1</tid>
  <kind>UninitCondition</kind>
  <what>Conditional jump or move depends on uninitialised value(s)</what>
  <stack>
    <frame>
      <ip>0x804951D</ip>
      <obj>/home/guido/AED2/tp3/bin/Debug/tp3</obj>
      <fn>aed2::ArbolCategorias::DatosCat::operator==(aed2::ArbolCategorias::DatosCat const&amp;) const</fn>
      <dir>/home/guido/AED2/tp3</dir>
      <file>ArbolCategorias.cpp</file>
      <line>121</line>
    </frame>
    <frame>
      <ip>0x8052E9B</ip>
      <obj>/home/guido/AED2/tp3/bin/Debug/tp3</obj>
      <fn>datosLinkNuevoEsVacio()</fn>
      <dir>/home/guido/AED2/tp3</dir>
      <file>tests.cpp</file>
      <line>95</line>
    </frame>
    <frame>
      <ip>0x805672D</ip>
      <obj>/home/guido/AED2/tp3/bin/Debug/tp3</obj>
      <fn>main</fn>
      <dir>/home/guido/AED2/tp3</dir>
      <file>tests.cpp</file>
      <line>212</line>
    </frame>
  </stack>
</error>

<error>
  <unique>0x7</unique>
  <tid>1</tid>
  <kind>UninitCondition</kind>
  <what>Conditional jump or move depends on uninitialised value(s)</what>
  <stack>
    <frame>
      <ip>0x80492C3</ip>
      <obj>/home/guido/AED2/tp3/bin/Debug/tp3</obj>
      <fn>aed2::ArbolCategorias::DatosCat::~DatosCat()</fn>
      <dir>/home/guido/AED2/tp3</dir>
      <file>ArbolCategorias.cpp</file>
      <line>54</line>
    </frame>
    <frame>
      <ip>0x8052ECA</ip>
      <obj>/home/guido/AED2/tp3/bin/Debug/tp3</obj>
      <fn>datosLinkNuevoEsVacio()</fn>
      <dir>/home/guido/AED2/tp3</dir>
      <file>tests.cpp</file>
      <line>95</line>
    </frame>
    <frame>
      <ip>0x805672D</ip>
      <obj>/home/guido/AED2/tp3/bin/Debug/tp3</obj>
      <fn>main</fn>
      <dir>/home/guido/AED2/tp3</dir>
      <file>tests.cpp</file>
      <line>212</line>
    </frame>
  </stack>
</error>

<error>
  <unique>0x8</unique>
  <tid>1</tid>
  <kind>UninitCondition</kind>
  <what>Conditional jump or move depends on uninitialised value(s)</what>
  <stack>
    <frame>
      <ip>0x80492C3</ip>
      <obj>/home/guido/AED2/tp3/bin/Debug/tp3</obj>
      <fn>aed2::ArbolCategorias::DatosCat::~DatosCat()</fn>
      <dir>/home/guido/AED2/tp3</dir>
      <file>ArbolCategorias.cpp</file>
      <line>54</line>
    </frame>
    <frame>
      <ip>0x8052F22</ip>
      <obj>/home/guido/AED2/tp3/bin/Debug/tp3</obj>
      <fn>datosLinkNuevoEsVacio()</fn>
      <dir>/home/guido/AED2/tp3</dir>
      <file>tests.cpp</file>
      <line>97</line>
    </frame>
    <frame>
      <ip>0x805672D</ip>
      <obj>/home/guido/AED2/tp3/bin/Debug/tp3</obj>
      <fn>main</fn>
      <dir>/home/guido/AED2/tp3</dir>
      <file>tests.cpp</file>
      <line>212</line>
    </frame>
  </stack>
</error>

<error>
  <unique>0x9</unique>
  <tid>1</tid>
  <kind>UninitCondition</kind>
  <what>Conditional jump or move depends on uninitialised value(s)</what>
  <stack>
    <frame>
      <ip>0x8049505</ip>
      <obj>/home/guido/AED2/tp3/bin/Debug/tp3</obj>
      <fn>aed2::ArbolCategorias::DatosCat::operator==(aed2::ArbolCategorias::DatosCat const&amp;) const</fn>
      <dir>/home/guido/AED2/tp3</dir>
      <file>ArbolCategorias.cpp</file>
      <line>121</line>
    </frame>
    <frame>
      <ip>0x80532EA</ip>
      <obj>/home/guido/AED2/tp3/bin/Debug/tp3</obj>
      <fn>datosLinkConDatos()</fn>
      <dir>/home/guido/AED2/tp3</dir>
      <file>tests.cpp</file>
      <line>105</line>
    </frame>
    <frame>
      <ip>0x80567AA</ip>
      <obj>/home/guido/AED2/tp3/bin/Debug/tp3</obj>
      <fn>main</fn>
      <dir>/home/guido/AED2/tp3</dir>
      <file>tests.cpp</file>
      <line>213</line>
    </frame>
  </stack>
</error>

<error>
  <unique>0xa</unique>
  <tid>1</tid>
  <kind>UninitCondition</kind>
  <what>Conditional jump or move depends on uninitialised value(s)</what>
  <stack>
    <frame>
      <ip>0x8049511</ip>
      <obj>/home/guido/AED2/tp3/bin/Debug/tp3</obj>
      <fn>aed2::ArbolCategorias::DatosCat::operator==(aed2::ArbolCategorias::DatosCat const&amp;) const</fn>
      <dir>/home/guido/AED2/tp3</dir>
      <file>ArbolCategorias.cpp</file>
      <line>121</line>
    </frame>
    <frame>
      <ip>0x80532EA</ip>
      <obj>/home/guido/AED2/tp3/bin/Debug/tp3</obj>
      <fn>datosLinkConDatos()</fn>
      <dir>/home/guido/AED2/tp3</dir>
      <file>tests.cpp</file>
      <line>105</line>
    </frame>
    <frame>
      <ip>0x80567AA</ip>
      <obj>/home/guido/AED2/tp3/bin/Debug/tp3</obj>
      <fn>main</fn>
      <dir>/home/guido/AED2/tp3</dir>
      <file>tests.cpp</file>
      <line>213</line>
    </frame>
  </stack>
</error>

<error>
  <unique>0xb</unique>
  <tid>1</tid>
  <kind>UninitCondition</kind>
  <what>Conditional jump or move depends on uninitialised value(s)</what>
  <stack>
    <frame>
      <ip>0x804951D</ip>
      <obj>/home/guido/AED2/tp3/bin/Debug/tp3</obj>
      <fn>aed2::ArbolCategorias::DatosCat::operator==(aed2::ArbolCategorias::DatosCat const&amp;) const</fn>
      <dir>/home/guido/AED2/tp3</dir>
      <file>ArbolCategorias.cpp</file>
      <line>121</line>
    </frame>
    <frame>
      <ip>0x80532EA</ip>
      <obj>/home/guido/AED2/tp3/bin/Debug/tp3</obj>
      <fn>datosLinkConDatos()</fn>
      <dir>/home/guido/AED2/tp3</dir>
      <file>tests.cpp</file>
      <line>105</line>
    </frame>
    <frame>
      <ip>0x80567AA</ip>
      <obj>/home/guido/AED2/tp3/bin/Debug/tp3</obj>
      <fn>main</fn>
      <dir>/home/guido/AED2/tp3</dir>
      <file>tests.cpp</file>
      <line>213</line>
    </frame>
  </stack>
</error>

<error>
  <unique>0xc</unique>
  <tid>1</tid>
  <kind>UninitCondition</kind>
  <what>Conditional jump or move depends on uninitialised value(s)</what>
  <stack>
    <frame>
      <ip>0x80492C3</ip>
      <obj>/home/guido/AED2/tp3/bin/Debug/tp3</obj>
      <fn>aed2::ArbolCategorias::DatosCat::~DatosCat()</fn>
      <dir>/home/guido/AED2/tp3</dir>
      <file>ArbolCategorias.cpp</file>
      <line>54</line>
    </frame>
    <frame>
      <ip>0x805330D</ip>
      <obj>/home/guido/AED2/tp3/bin/Debug/tp3</obj>
      <fn>datosLinkConDatos()</fn>
      <dir>/home/guido/AED2/tp3</dir>
      <file>tests.cpp</file>
      <line>105</line>
    </frame>
    <frame>
      <ip>0x80567AA</ip>
      <obj>/home/guido/AED2/tp3/bin/Debug/tp3</obj>
      <fn>main</fn>
      <dir>/home/guido/AED2/tp3</dir>
      <file>tests.cpp</file>
      <line>213</line>
    </frame>
  </stack>
</error>

<error>
  <unique>0xd</unique>
  <tid>1</tid>
  <kind>UninitCondition</kind>
  <what>Conditional jump or move depends on uninitialised value(s)</what>
  <stack>
    <frame>
      <ip>0x8049505</ip>
      <obj>/home/guido/AED2/tp3/bin/Debug/tp3</obj>
      <fn>aed2::ArbolCategorias::DatosCat::operator==(aed2::ArbolCategorias::DatosCat const&amp;) const</fn>
      <dir>/home/guido/AED2/tp3</dir>
      <file>ArbolCategorias.cpp</file>
      <line>121</line>
    </frame>
    <frame>
      <ip>0x8053386</ip>
      <obj>/home/guido/AED2/tp3/bin/Debug/tp3</obj>
      <fn>datosLinkConDatos()</fn>
      <dir>/home/guido/AED2/tp3</dir>
      <file>tests.cpp</file>
      <line>105</line>
    </frame>
    <frame>
      <ip>0x80567AA</ip>
      <obj>/home/guido/AED2/tp3/bin/Debug/tp3</obj>
      <fn>main</fn>
      <dir>/home/guido/AED2/tp3</dir>
      <file>tests.cpp</file>
      <line>213</line>
    </frame>
  </stack>
</error>

<error>
  <unique>0xe</unique>
  <tid>1</tid>
  <kind>UninitCondition</kind>
  <what>Conditional jump or move depends on uninitialised value(s)</what>
  <stack>
    <frame>
      <ip>0x8049511</ip>
      <obj>/home/guido/AED2/tp3/bin/Debug/tp3</obj>
      <fn>aed2::ArbolCategorias::DatosCat::operator==(aed2::ArbolCategorias::DatosCat const&amp;) const</fn>
      <dir>/home/guido/AED2/tp3</dir>
      <file>ArbolCategorias.cpp</file>
      <line>121</line>
    </frame>
    <frame>
      <ip>0x8053386</ip>
      <obj>/home/guido/AED2/tp3/bin/Debug/tp3</obj>
      <fn>datosLinkConDatos()</fn>
      <dir>/home/guido/AED2/tp3</dir>
      <file>tests.cpp</file>
      <line>105</line>
    </frame>
    <frame>
      <ip>0x80567AA</ip>
      <obj>/home/guido/AED2/tp3/bin/Debug/tp3</obj>
      <fn>main</fn>
      <dir>/home/guido/AED2/tp3</dir>
      <file>tests.cpp</file>
      <line>213</line>
    </frame>
  </stack>
</error>

<error>
  <unique>0xf</unique>
  <tid>1</tid>
  <kind>UninitCondition</kind>
  <what>Conditional jump or move depends on uninitialised value(s)</what>
  <stack>
    <frame>
      <ip>0x804951D</ip>
      <obj>/home/guido/AED2/tp3/bin/Debug/tp3</obj>
      <fn>aed2::ArbolCategorias::DatosCat::operator==(aed2::ArbolCategorias::DatosCat const&amp;) const</fn>
      <dir>/home/guido/AED2/tp3</dir>
      <file>ArbolCategorias.cpp</file>
      <line>121</line>
    </frame>
    <frame>
      <ip>0x8053386</ip>
      <obj>/home/guido/AED2/tp3/bin/Debug/tp3</obj>
      <fn>datosLinkConDatos()</fn>
      <dir>/home/guido/AED2/tp3</dir>
      <file>tests.cpp</file>
      <line>105</line>
    </frame>
    <frame>
      <ip>0x80567AA</ip>
      <obj>/home/guido/AED2/tp3/bin/Debug/tp3</obj>
      <fn>main</fn>
      <dir>/home/guido/AED2/tp3</dir>
      <file>tests.cpp</file>
      <line>213</line>
    </frame>
  </stack>
</error>

<error>
  <unique>0x10</unique>
  <tid>1</tid>
  <kind>UninitCondition</kind>
  <what>Conditional jump or move depends on uninitialised value(s)</what>
  <stack>
    <frame>
      <ip>0x80492C3</ip>
      <obj>/home/guido/AED2/tp3/bin/Debug/tp3</obj>
      <fn>aed2::ArbolCategorias::DatosCat::~DatosCat()</fn>
      <dir>/home/guido/AED2/tp3</dir>
      <file>ArbolCategorias.cpp</file>
      <line>54</line>
    </frame>
    <frame>
      <ip>0x80533BB</ip>
      <obj>/home/guido/AED2/tp3/bin/Debug/tp3</obj>
      <fn>datosLinkConDatos()</fn>
      <dir>/home/guido/AED2/tp3</dir>
      <file>tests.cpp</file>
      <line>105</line>
    </frame>
    <frame>
      <ip>0x80567AA</ip>
      <obj>/home/guido/AED2/tp3/bin/Debug/tp3</obj>
      <fn>main</fn>
      <dir>/home/guido/AED2/tp3</dir>
      <file>tests.cpp</file>
      <line>213</line>
    </frame>
  </stack>
</error>

<error>
  <unique>0x11</unique>
  <tid>1</tid>
  <kind>UninitCondition</kind>
  <what>Conditional jump or move depends on uninitialised value(s)</what>
  <stack>
    <frame>
      <ip>0x8049505</ip>
      <obj>/home/guido/AED2/tp3/bin/Debug/tp3</obj>
      <fn>aed2::ArbolCategorias::DatosCat::operator==(aed2::ArbolCategorias::DatosCat const&amp;) const</fn>
      <dir>/home/guido/AED2/tp3</dir>
      <file>ArbolCategorias.cpp</file>
      <line>121</line>
    </frame>
    <frame>
      <ip>0x804C894</ip>
      <obj>/home/guido/AED2/tp3/bin/Debug/tp3</obj>
      <fn>aed2::LinkLinkIt::DatosLink::operator==(aed2::LinkLinkIt::DatosLink&amp;) const</fn>
      <dir>/home/guido/AED2/tp3</dir>
      <file>LinkLinkIt.cpp</file>
      <line>100</line>
    </frame>
    <frame>
      <ip>0x80539AD</ip>
      <obj>/home/guido/AED2/tp3/bin/Debug/tp3</obj>
      <fn>datosLinkConDatos()</fn>
      <dir>/home/guido/AED2/tp3</dir>
      <file>tests.cpp</file>
      <line>115</line>
    </frame>
    <frame>
      <ip>0x80567AA</ip>
      <obj>/home/guido/AED2/tp3/bin/Debug/tp3</obj>
      <fn>main</fn>
      <dir>/home/guido/AED2/tp3</dir>
      <file>tests.cpp</file>
      <line>213</line>
    </frame>
  </stack>
</error>

<error>
  <unique>0x12</unique>
  <tid>1</tid>
  <kind>UninitCondition</kind>
  <what>Conditional jump or move depends on uninitialised value(s)</what>
  <stack>
    <frame>
      <ip>0x8049511</ip>
      <obj>/home/guido/AED2/tp3/bin/Debug/tp3</obj>
      <fn>aed2::ArbolCategorias::DatosCat::operator==(aed2::ArbolCategorias::DatosCat const&amp;) const</fn>
      <dir>/home/guido/AED2/tp3</dir>
      <file>ArbolCategorias.cpp</file>
      <line>121</line>
    </frame>
    <frame>
      <ip>0x804C894</ip>
      <obj>/home/guido/AED2/tp3/bin/Debug/tp3</obj>
      <fn>aed2::LinkLinkIt::DatosLink::operator==(aed2::LinkLinkIt::DatosLink&amp;) const</fn>
      <dir>/home/guido/AED2/tp3</dir>
      <file>LinkLinkIt.cpp</file>
      <line>100</line>
    </frame>
    <frame>
      <ip>0x80539AD</ip>
      <obj>/home/guido/AED2/tp3/bin/Debug/tp3</obj>
      <fn>datosLinkConDatos()</fn>
      <dir>/home/guido/AED2/tp3</dir>
      <file>tests.cpp</file>
      <line>115</line>
    </frame>
    <frame>
      <ip>0x80567AA</ip>
      <obj>/home/guido/AED2/tp3/bin/Debug/tp3</obj>
      <fn>main</fn>
      <dir>/home/guido/AED2/tp3</dir>
      <file>tests.cpp</file>
      <line>213</line>
    </frame>
  </stack>
</error>

<error>
  <unique>0x13</unique>
  <tid>1</tid>
  <kind>UninitCondition</kind>
  <what>Conditional jump or move depends on uninitialised value(s)</what>
  <stack>
    <frame>
      <ip>0x804951D</ip>
      <obj>/home/guido/AED2/tp3/bin/Debug/tp3</obj>
      <fn>aed2::ArbolCategorias::DatosCat::operator==(aed2::ArbolCategorias::DatosCat const&amp;) const</fn>
      <dir>/home/guido/AED2/tp3</dir>
      <file>ArbolCategorias.cpp</file>
      <line>121</line>
    </frame>
    <frame>
      <ip>0x804C894</ip>
      <obj>/home/guido/AED2/tp3/bin/Debug/tp3</obj>
      <fn>aed2::LinkLinkIt::DatosLink::operator==(aed2::LinkLinkIt::DatosLink&amp;) const</fn>
      <dir>/home/guido/AED2/tp3</dir>
      <file>LinkLinkIt.cpp</file>
      <line>100</line>
    </frame>
    <frame>
      <ip>0x80539AD</ip>
      <obj>/home/guido/AED2/tp3/bin/Debug/tp3</obj>
      <fn>datosLinkConDatos()</fn>
      <dir>/home/guido/AED2/tp3</dir>
      <file>tests.cpp</file>
      <line>115</line>
    </frame>
    <frame>
      <ip>0x80567AA</ip>
      <obj>/home/guido/AED2/tp3/bin/Debug/tp3</obj>
      <fn>main</fn>
      <dir>/home/guido/AED2/tp3</dir>
      <file>tests.cpp</file>
      <line>213</line>
    </frame>
  </stack>
</error>

<error>
  <unique>0x14</unique>
  <tid>1</tid>
  <kind>UninitCondition</kind>
  <what>Conditional jump or move depends on uninitialised value(s)</what>
  <stack>
    <frame>
      <ip>0x80492C3</ip>
      <obj>/home/guido/AED2/tp3/bin/Debug/tp3</obj>
      <fn>aed2::ArbolCategorias::DatosCat::~DatosCat()</fn>
      <dir>/home/guido/AED2/tp3</dir>
      <file>ArbolCategorias.cpp</file>
      <line>54</line>
    </frame>
    <frame>
      <ip>0x804C8A2</ip>
      <obj>/home/guido/AED2/tp3/bin/Debug/tp3</obj>
      <fn>aed2::LinkLinkIt::DatosLink::operator==(aed2::LinkLinkIt::DatosLink&amp;) const</fn>
      <dir>/home/guido/AED2/tp3</dir>
      <file>LinkLinkIt.cpp</file>
      <line>100</line>
    </frame>
    <frame>
      <ip>0x80539AD</ip>
      <obj>/home/guido/AED2/tp3/bin/Debug/tp3</obj>
      <fn>datosLinkConDatos()</fn>
      <dir>/home/guido/AED2/tp3</dir>
      <file>tests.cpp</file>
      <line>115</line>
    </frame>
    <frame>
      <ip>0x80567AA</ip>
      <obj>/home/guido/AED2/tp3/bin/Debug/tp3</obj>
      <fn>main</fn>
      <dir>/home/guido/AED2/tp3</dir>
      <file>tests.cpp</file>
      <line>213</line>
    </frame>
  </stack>
</error>

<error>
  <unique>0x15</unique>
  <tid>1</tid>
  <kind>UninitCondition</kind>
  <what>Conditional jump or move depends on uninitialised value(s)</what>
  <stack>
    <frame>
      <ip>0x8049505</ip>
      <obj>/home/guido/AED2/tp3/bin/Debug/tp3</obj>
      <fn>aed2::ArbolCategorias::DatosCat::operator==(aed2::ArbolCategorias::DatosCat const&amp;) const</fn>
      <dir>/home/guido/AED2/tp3</dir>
      <file>ArbolCategorias.cpp</file>
      <line>121</line>
    </frame>
    <frame>
      <ip>0x804C894</ip>
      <obj>/home/guido/AED2/tp3/bin/Debug/tp3</obj>
      <fn>aed2::LinkLinkIt::DatosLink::operator==(aed2::LinkLinkIt::DatosLink&amp;) const</fn>
      <dir>/home/guido/AED2/tp3</dir>
      <file>LinkLinkIt.cpp</file>
      <line>100</line>
    </frame>
    <frame>
      <ip>0x8053A1A</ip>
      <obj>/home/guido/AED2/tp3/bin/Debug/tp3</obj>
      <fn>datosLinkConDatos()</fn>
      <dir>/home/guido/AED2/tp3</dir>
      <file>tests.cpp</file>
      <line>115</line>
    </frame>
    <frame>
      <ip>0x80567AA</ip>
      <obj>/home/guido/AED2/tp3/bin/Debug/tp3</obj>
      <fn>main</fn>
      <dir>/home/guido/AED2/tp3</dir>
      <file>tests.cpp</file>
      <line>213</line>
    </frame>
  </stack>
</error>

<error>
  <unique>0x16</unique>
  <tid>1</tid>
  <kind>UninitCondition</kind>
  <what>Conditional jump or move depends on uninitialised value(s)</what>
  <stack>
    <frame>
      <ip>0x8049511</ip>
      <obj>/home/guido/AED2/tp3/bin/Debug/tp3</obj>
      <fn>aed2::ArbolCategorias::DatosCat::operator==(aed2::ArbolCategorias::DatosCat const&amp;) const</fn>
      <dir>/home/guido/AED2/tp3</dir>
      <file>ArbolCategorias.cpp</file>
      <line>121</line>
    </frame>
    <frame>
      <ip>0x804C894</ip>
      <obj>/home/guido/AED2/tp3/bin/Debug/tp3</obj>
      <fn>aed2::LinkLinkIt::DatosLink::operator==(aed2::LinkLinkIt::DatosLink&amp;) const</fn>
      <dir>/home/guido/AED2/tp3</dir>
      <file>LinkLinkIt.cpp</file>
      <line>100</line>
    </frame>
    <frame>
      <ip>0x8053A1A</ip>
      <obj>/home/guido/AED2/tp3/bin/Debug/tp3</obj>
      <fn>datosLinkConDatos()</fn>
      <dir>/home/guido/AED2/tp3</dir>
      <file>tests.cpp</file>
      <line>115</line>
    </frame>
    <frame>
      <ip>0x80567AA</ip>
      <obj>/home/guido/AED2/tp3/bin/Debug/tp3</obj>
      <fn>main</fn>
      <dir>/home/guido/AED2/tp3</dir>
      <file>tests.cpp</file>
      <line>213</line>
    </frame>
  </stack>
</error>

<error>
  <unique>0x17</unique>
  <tid>1</tid>
  <kind>UninitCondition</kind>
  <what>Conditional jump or move depends on uninitialised value(s)</what>
  <stack>
    <frame>
      <ip>0x804951D</ip>
      <obj>/home/guido/AED2/tp3/bin/Debug/tp3</obj>
      <fn>aed2::ArbolCategorias::DatosCat::operator==(aed2::ArbolCategorias::DatosCat const&amp;) const</fn>
      <dir>/home/guido/AED2/tp3</dir>
      <file>ArbolCategorias.cpp</file>
      <line>121</line>
    </frame>
    <frame>
      <ip>0x804C894</ip>
      <obj>/home/guido/AED2/tp3/bin/Debug/tp3</obj>
      <fn>aed2::LinkLinkIt::DatosLink::operator==(aed2::LinkLinkIt::DatosLink&amp;) const</fn>
      <dir>/home/guido/AED2/tp3</dir>
      <file>LinkLinkIt.cpp</file>
      <line>100</line>
    </frame>
    <frame>
      <ip>0x8053A1A</ip>
      <obj>/home/guido/AED2/tp3/bin/Debug/tp3</obj>
      <fn>datosLinkConDatos()</fn>
      <dir>/home/guido/AED2/tp3</dir>
      <file>tests.cpp</file>
      <line>115</line>
    </frame>
    <frame>
      <ip>0x80567AA</ip>
      <obj>/home/guido/AED2/tp3/bin/Debug/tp3</obj>
      <fn>main</fn>
      <dir>/home/guido/AED2/tp3</dir>
      <file>tests.cpp</file>
      <line>213</line>
    </frame>
  </stack>
</error>

<error>
  <unique>0x18</unique>
  <tid>1</tid>
  <kind>UninitCondition</kind>
  <what>Conditional jump or move depends on uninitialised value(s)</what>
  <stack>
    <frame>
      <ip>0x80492C3</ip>
      <obj>/home/guido/AED2/tp3/bin/Debug/tp3</obj>
      <fn>aed2::ArbolCategorias::DatosCat::~DatosCat()</fn>
      <dir>/home/guido/AED2/tp3</dir>
      <file>ArbolCategorias.cpp</file>
      <line>54</line>
    </frame>
    <frame>
      <ip>0x804C8A2</ip>
      <obj>/home/guido/AED2/tp3/bin/Debug/tp3</obj>
      <fn>aed2::LinkLinkIt::DatosLink::operator==(aed2::LinkLinkIt::DatosLink&amp;) const</fn>
      <dir>/home/guido/AED2/tp3</dir>
      <file>LinkLinkIt.cpp</file>
      <line>100</line>
    </frame>
    <frame>
      <ip>0x8053A1A</ip>
      <obj>/home/guido/AED2/tp3/bin/Debug/tp3</obj>
      <fn>datosLinkConDatos()</fn>
      <dir>/home/guido/AED2/tp3</dir>
      <file>tests.cpp</file>
      <line>115</line>
    </frame>
    <frame>
      <ip>0x80567AA</ip>
      <obj>/home/guido/AED2/tp3/bin/Debug/tp3</obj>
      <fn>main</fn>
      <dir>/home/guido/AED2/tp3</dir>
      <file>tests.cpp</file>
      <line>213</line>
    </frame>
  </stack>
</error>

<error>
  <unique>0x19</unique>
  <tid>1</tid>
  <kind>UninitCondition</kind>
  <what>Conditional jump or move depends on uninitialised value(s)</what>
  <stack>
    <frame>
      <ip>0x80492C3</ip>
      <obj>/home/guido/AED2/tp3/bin/Debug/tp3</obj>
      <fn>aed2::ArbolCategorias::DatosCat::~DatosCat()</fn>
      <dir>/home/guido/AED2/tp3</dir>
      <file>ArbolCategorias.cpp</file>
      <line>54</line>
    </frame>
    <frame>
      <ip>0x8053EC1</ip>
      <obj>/home/guido/AED2/tp3/bin/Debug/tp3</obj>
      <fn>datosLinkConDatos()</fn>
      <dir>/home/guido/AED2/tp3</dir>
      <file>tests.cpp</file>
      <line>123</line>
    </frame>
    <frame>
      <ip>0x80567AA</ip>
      <obj>/home/guido/AED2/tp3/bin/Debug/tp3</obj>
      <fn>main</fn>
      <dir>/home/guido/AED2/tp3</dir>
      <file>tests.cpp</file>
      <line>213</line>
    </frame>
  </stack>
</error>


<status>
  <state>FINISHED</state>
  <time>00:00:00:01.518 </time>
</status>

<error>
  <unique>0x1b</unique>
  <tid>1</tid>
  <kind>Leak_DefinitelyLost</kind>
  <xwhat>
    <text>8 bytes in 1 blocks are definitely lost in loss record 2 of 64</text>
    <leakedbytes>8</leakedbytes>
    <leakedblocks>1</leakedblocks>
  </xwhat>
  <stack>
    <frame>
      <ip>0x402B9B4</ip>
      <obj>/usr/lib/valgrind/vgpreload_memcheck-x86-linux.so</obj>
      <fn>operator new(unsigned int)</fn>
    </frame>
    <frame>
      <ip>0x80538B1</ip>
      <obj>/home/guido/AED2/tp3/bin/Debug/tp3</obj>
      <fn>datosLinkConDatos()</fn>
      <dir>/home/guido/AED2/tp3</dir>
      <file>tests.cpp</file>
      <line>112</line>
    </frame>
    <frame>
      <ip>0x80567AA</ip>
      <obj>/home/guido/AED2/tp3/bin/Debug/tp3</obj>
      <fn>main</fn>
      <dir>/home/guido/AED2/tp3</dir>
      <file>tests.cpp</file>
      <line>213</line>
    </frame>
  </stack>
</error>

<error>
  <unique>0x1c</unique>
  <tid>1</tid>
  <kind>Leak_DefinitelyLost</kind>
  <xwhat>
    <text>8 bytes in 1 blocks are definitely lost in loss record 3 of 64</text>
    <leakedbytes>8</leakedbytes>
    <leakedblocks>1</leakedblocks>
  </xwhat>
  <stack>
    <frame>
      <ip>0x402B9B4</ip>
      <obj>/usr/lib/valgrind/vgpreload_memcheck-x86-linux.so</obj>
      <fn>operator new(unsigned int)</fn>
    </frame>
    <frame>
      <ip>0x805442B</ip>
      <obj>/home/guido/AED2/tp3/bin/Debug/tp3</obj>
      <fn>accesoTest()</fn>
      <dir>/home/guido/AED2/tp3</dir>
      <file>tests.cpp</file>
      <line>133</line>
    </frame>
    <frame>
      <ip>0x8056827</ip>
      <obj>/home/guido/AED2/tp3/bin/Debug/tp3</obj>
      <fn>main</fn>
      <dir>/home/guido/AED2/tp3</dir>
      <file>tests.cpp</file>
      <line>214</line>
    </frame>
  </stack>
</error>

<error>
  <unique>0x1d</unique>
  <tid>1</tid>
  <kind>Leak_DefinitelyLost</kind>
  <xwhat>
    <text>8 bytes in 1 blocks are definitely lost in loss record 4 of 64</text>
    <leakedbytes>8</leakedbytes>
    <leakedblocks>1</leakedblocks>
  </xwhat>
  <stack>
    <frame>
      <ip>0x402B9B4</ip>
      <obj>/usr/lib/valgrind/vgpreload_memcheck-x86-linux.so</obj>
      <fn>operator new(unsigned int)</fn>
    </frame>
    <frame>
      <ip>0x8054444</ip>
      <obj>/home/guido/AED2/tp3/bin/Debug/tp3</obj>
      <fn>accesoTest()</fn>
      <dir>/home/guido/AED2/tp3</dir>
      <file>tests.cpp</file>
      <line>134</line>
    </frame>
    <frame>
      <ip>0x8056827</ip>
      <obj>/home/guido/AED2/tp3/bin/Debug/tp3</obj>
      <fn>main</fn>
      <dir>/home/guido/AED2/tp3</dir>
      <file>tests.cpp</file>
      <line>214</line>
    </frame>
  </stack>
</error>

<error>
  <unique>0x1e</unique>
  <tid>1</tid>
  <kind>Leak_DefinitelyLost</kind>
  <xwhat>
    <text>8 bytes in 1 blocks are definitely lost in loss record 5 of 64</text>
    <leakedbytes>8</leakedbytes>
    <leakedblocks>1</leakedblocks>
  </xwhat>
  <stack>
    <frame>
      <ip>0x402B9B4</ip>
      <obj>/usr/lib/valgrind/vgpreload_memcheck-x86-linux.so</obj>
      <fn>operator new(unsigned int)</fn>
    </frame>
    <frame>
      <ip>0x805445D</ip>
      <obj>/home/guido/AED2/tp3/bin/Debug/tp3</obj>
      <fn>accesoTest()</fn>
      <dir>/home/guido/AED2/tp3</dir>
      <file>tests.cpp</file>
      <line>135</line>
    </frame>
    <frame>
      <ip>0x8056827</ip>
      <obj>/home/guido/AED2/tp3/bin/Debug/tp3</obj>
      <fn>main</fn>
      <dir>/home/guido/AED2/tp3</dir>
      <file>tests.cpp</file>
      <line>214</line>
    </frame>
  </stack>
</error>

<error>
  <unique>0x1f</unique>
  <tid>1</tid>
  <kind>Leak_DefinitelyLost</kind>
  <xwhat>
    <text>8 bytes in 1 blocks are definitely lost in loss record 6 of 64</text>
    <leakedbytes>8</leakedbytes>
    <leakedblocks>1</leakedblocks>
  </xwhat>
  <stack>
    <frame>
      <ip>0x402B9B4</ip>
      <obj>/usr/lib/valgrind/vgpreload_memcheck-x86-linux.so</obj>
      <fn>operator new(unsigned int)</fn>
    </frame>
    <frame>
      <ip>0x8054476</ip>
      <obj>/home/guido/AED2/tp3/bin/Debug/tp3</obj>
      <fn>accesoTest()</fn>
      <dir>/home/guido/AED2/tp3</dir>
      <file>tests.cpp</file>
      <line>136</line>
    </frame>
    <frame>
      <ip>0x8056827</ip>
      <obj>/home/guido/AED2/tp3/bin/Debug/tp3</obj>
      <fn>main</fn>
      <dir>/home/guido/AED2/tp3</dir>
      <file>tests.cpp</file>
      <line>214</line>
    </frame>
  </stack>
</error>

<error>
  <unique>0x20</unique>
  <tid>1</tid>
  <kind>Leak_DefinitelyLost</kind>
  <xwhat>
    <text>8 bytes in 1 blocks are definitely lost in loss record 7 of 64</text>
    <leakedbytes>8</leakedbytes>
    <leakedblocks>1</leakedblocks>
  </xwhat>
  <stack>
    <frame>
      <ip>0x402B9B4</ip>
      <obj>/usr/lib/valgrind/vgpreload_memcheck-x86-linux.so</obj>
      <fn>operator new(unsigned int)</fn>
    </frame>
    <frame>
      <ip>0x805448F</ip>
      <obj>/home/guido/AED2/tp3/bin/Debug/tp3</obj>
      <fn>accesoTest()</fn>
      <dir>/home/guido/AED2/tp3</dir>
      <file>tests.cpp</file>
      <line>137</line>
    </frame>
    <frame>
      <ip>0x8056827</ip>
      <obj>/home/guido/AED2/tp3/bin/Debug/tp3</obj>
      <fn>main</fn>
      <dir>/home/guido/AED2/tp3</dir>
      <file>tests.cpp</file>
      <line>214</line>
    </frame>
  </stack>
</error>

<error>
  <unique>0x21</unique>
  <tid>1</tid>
  <kind>Leak_DefinitelyLost</kind>
  <xwhat>
    <text>8 bytes in 1 blocks are definitely lost in loss record 8 of 64</text>
    <leakedbytes>8</leakedbytes>
    <leakedblocks>1</leakedblocks>
  </xwhat>
  <stack>
    <frame>
      <ip>0x402B9B4</ip>
      <obj>/usr/lib/valgrind/vgpreload_memcheck-x86-linux.so</obj>
      <fn>operator new(unsigned int)</fn>
    </frame>
    <frame>
      <ip>0x8054C50</ip>
      <obj>/home/guido/AED2/tp3/bin/Debug/tp3</obj>
      <fn>accesoTestConConstr()</fn>
      <dir>/home/guido/AED2/tp3</dir>
      <file>tests.cpp</file>
      <line>156</line>
    </frame>
    <frame>
      <ip>0x80568A4</ip>
      <obj>/home/guido/AED2/tp3/bin/Debug/tp3</obj>
      <fn>main</fn>
      <dir>/home/guido/AED2/tp3</dir>
      <file>tests.cpp</file>
      <line>215</line>
    </frame>
  </stack>
</error>

<error>
  <unique>0x22</unique>
  <tid>1</tid>
  <kind>Leak_DefinitelyLost</kind>
  <xwhat>
    <text>8 bytes in 1 blocks are definitely lost in loss record 9 of 64</text>
    <leakedbytes>8</leakedbytes>
    <leakedblocks>1</leakedblocks>
  </xwhat>
  <stack>
    <frame>
      <ip>0x402B9B4</ip>
      <obj>/usr/lib/valgrind/vgpreload_memcheck-x86-linux.so</obj>
      <fn>operator new(unsigned int)</fn>
    </frame>
    <frame>
      <ip>0x8054C79</ip>
      <obj>/home/guido/AED2/tp3/bin/Debug/tp3</obj>
      <fn>accesoTestConConstr()</fn>
      <dir>/home/guido/AED2/tp3</dir>
      <file>tests.cpp</file>
      <line>157</line>
    </frame>
    <frame>
      <ip>0x80568A4</ip>
      <obj>/home/guido/AED2/tp3/bin/Debug/tp3</obj>
      <fn>main</fn>
      <dir>/home/guido/AED2/tp3</dir>
      <file>tests.cpp</file>
      <line>215</line>
    </frame>
  </stack>
</error>

<error>
  <unique>0x23</unique>
  <tid>1</tid>
  <kind>Leak_DefinitelyLost</kind>
  <xwhat>
    <text>8 bytes in 1 blocks are definitely lost in loss record 10 of 64</text>
    <leakedbytes>8</leakedbytes>
    <leakedblocks>1</leakedblocks>
  </xwhat>
  <stack>
    <frame>
      <ip>0x402B9B4</ip>
      <obj>/usr/lib/valgrind/vgpreload_memcheck-x86-linux.so</obj>
      <fn>operator new(unsigned int)</fn>
    </frame>
    <frame>
      <ip>0x8054CA2</ip>
      <obj>/home/guido/AED2/tp3/bin/Debug/tp3</obj>
      <fn>accesoTestConConstr()</fn>
      <dir>/home/guido/AED2/tp3</dir>
      <file>tests.cpp</file>
      <line>158</line>
    </frame>
    <frame>
      <ip>0x80568A4</ip>
      <obj>/home/guido/AED2/tp3/bin/Debug/tp3</obj>
      <fn>main</fn>
      <dir>/home/guido/AED2/tp3</dir>
      <file>tests.cpp</file>
      <line>215</line>
    </frame>
  </stack>
</error>

<error>
  <unique>0x24</unique>
  <tid>1</tid>
  <kind>Leak_DefinitelyLost</kind>
  <xwhat>
    <text>8 bytes in 1 blocks are definitely lost in loss record 11 of 64</text>
    <leakedbytes>8</leakedbytes>
    <leakedblocks>1</leakedblocks>
  </xwhat>
  <stack>
    <frame>
      <ip>0x402B9B4</ip>
      <obj>/usr/lib/valgrind/vgpreload_memcheck-x86-linux.so</obj>
      <fn>operator new(unsigned int)</fn>
    </frame>
    <frame>
      <ip>0x8054CCB</ip>
      <obj>/home/guido/AED2/tp3/bin/Debug/tp3</obj>
      <fn>accesoTestConConstr()</fn>
      <dir>/home/guido/AED2/tp3</dir>
      <file>tests.cpp</file>
      <line>159</line>
    </frame>
    <frame>
      <ip>0x80568A4</ip>
      <obj>/home/guido/AED2/tp3/bin/Debug/tp3</obj>
      <fn>main</fn>
      <dir>/home/guido/AED2/tp3</dir>
      <file>tests.cpp</file>
      <line>215</line>
    </frame>
  </stack>
</error>

<error>
  <unique>0x25</unique>
  <tid>1</tid>
  <kind>Leak_DefinitelyLost</kind>
  <xwhat>
    <text>8 bytes in 1 blocks are definitely lost in loss record 12 of 64</text>
    <leakedbytes>8</leakedbytes>
    <leakedblocks>1</leakedblocks>
  </xwhat>
  <stack>
    <frame>
      <ip>0x402B9B4</ip>
      <obj>/usr/lib/valgrind/vgpreload_memcheck-x86-linux.so</obj>
      <fn>operator new(unsigned int)</fn>
    </frame>
    <frame>
      <ip>0x8054CF4</ip>
      <obj>/home/guido/AED2/tp3/bin/Debug/tp3</obj>
      <fn>accesoTestConConstr()</fn>
      <dir>/home/guido/AED2/tp3</dir>
      <file>tests.cpp</file>
      <line>160</line>
    </frame>
    <frame>
      <ip>0x80568A4</ip>
      <obj>/home/guido/AED2/tp3/bin/Debug/tp3</obj>
      <fn>main</fn>
      <dir>/home/guido/AED2/tp3</dir>
      <file>tests.cpp</file>
      <line>215</line>
    </frame>
  </stack>
</error>

<error>
  <unique>0x2e</unique>
  <tid>1</tid>
  <kind>Leak_PossiblyLost</kind>
  <xwhat>
    <text>16 bytes in 1 blocks are possibly lost in loss record 21 of 64</text>
    <leakedbytes>16</leakedbytes>
    <leakedblocks>1</leakedblocks>
  </xwhat>
  <stack>
    <frame>
      <ip>0x402B9B4</ip>
      <obj>/usr/lib/valgrind/vgpreload_memcheck-x86-linux.so</obj>
      <fn>operator new(unsigned int)</fn>
    </frame>
    <frame>
      <ip>0x40DD7D3</ip>
      <obj>/usr/lib/i386-linux-gnu/libstdc++.so.6.0.16</obj>
      <fn>std::string::_Rep::_S_create(unsigned int, unsigned int, std::allocator&lt;char&gt; const&amp;)</fn>
    </frame>
    <frame>
      <ip>0x40DFA47</ip>
      <obj>/usr/lib/i386-linux-gnu/libstdc++.so.6.0.16</obj>
      <fn>char* std::string::_S_construct&lt;char const*&gt;(char const*, char const*, std::allocator&lt;char&gt; const&amp;, std::forward_iterator_tag)</fn>
    </frame>
    <frame>
      <ip>0x40DFBB5</ip>
      <obj>/usr/lib/i386-linux-gnu/libstdc++.so.6.0.16</obj>
      <fn>std::basic_string&lt;char, std::char_traits&lt;char&gt;, std::allocator&lt;char&gt; &gt;::basic_string(char const*, std::allocator&lt;char&gt; const&amp;)</fn>
    </frame>
    <frame>
      <ip>0x805699E</ip>
      <obj>/home/guido/AED2/tp3/bin/Debug/tp3</obj>
      <fn>main</fn>
      <dir>/home/guido/AED2/tp3</dir>
      <file>tests.cpp</file>
      <line>217</line>
    </frame>
  </stack>
</error>

<error>
  <unique>0x35</unique>
  <tid>1</tid>
  <kind>Leak_DefinitelyLost</kind>
  <xwhat>
    <text>32 bytes in 1 blocks are definitely lost in loss record 28 of 64</text>
    <leakedbytes>32</leakedbytes>
    <leakedblocks>1</leakedblocks>
  </xwhat>
  <stack>
    <frame>
      <ip>0x402B9B4</ip>
      <obj>/usr/lib/valgrind/vgpreload_memcheck-x86-linux.so</obj>
      <fn>operator new(unsigned int)</fn>
    </frame>
    <frame>
      <ip>0x8049363</ip>
      <obj>/home/guido/AED2/tp3/bin/Debug/tp3</obj>
      <fn>aed2::ArbolCategorias::DatosCat::dameHijos() const</fn>
      <dir>/home/guido/AED2/tp3</dir>
      <file>ArbolCategorias.cpp</file>
      <line>79</line>
    </frame>
    <frame>
      <ip>0x80494C4</ip>
      <obj>/home/guido/AED2/tp3/bin/Debug/tp3</obj>
      <fn>aed2::ArbolCategorias::DatosCat::operator==(aed2::ArbolCategorias::DatosCat const&amp;) const</fn>
      <dir>/home/guido/AED2/tp3</dir>
      <file>ArbolCategorias.cpp</file>
      <line>119</line>
    </frame>
    <frame>
      <ip>0x8052E05</ip>
      <obj>/home/guido/AED2/tp3/bin/Debug/tp3</obj>
      <fn>datosLinkNuevoEsVacio()</fn>
      <dir>/home/guido/AED2/tp3</dir>
      <file>tests.cpp</file>
      <line>95</line>
    </frame>
    <frame>
      <ip>0x805672D</ip>
      <obj>/home/guido/AED2/tp3/bin/Debug/tp3</obj>
      <fn>main</fn>
      <dir>/home/guido/AED2/tp3</dir>
      <file>tests.cpp</file>
      <line>212</line>
    </frame>
  </stack>
</error>

<error>
  <unique>0x36</unique>
  <tid>1</tid>
  <kind>Leak_DefinitelyLost</kind>
  <xwhat>
    <text>32 bytes in 1 blocks are definitely lost in loss record 29 of 64</text>
    <leakedbytes>32</leakedbytes>
    <leakedblocks>1</leakedblocks>
  </xwhat>
  <stack>
    <frame>
      <ip>0x402B9B4</ip>
      <obj>/usr/lib/valgrind/vgpreload_memcheck-x86-linux.so</obj>
      <fn>operator new(unsigned int)</fn>
    </frame>
    <frame>
      <ip>0x8049363</ip>
      <obj>/home/guido/AED2/tp3/bin/Debug/tp3</obj>
      <fn>aed2::ArbolCategorias::DatosCat::dameHijos() const</fn>
      <dir>/home/guido/AED2/tp3</dir>
      <file>ArbolCategorias.cpp</file>
      <line>79</line>
    </frame>
    <frame>
      <ip>0x80494D1</ip>
      <obj>/home/guido/AED2/tp3/bin/Debug/tp3</obj>
      <fn>aed2::ArbolCategorias::DatosCat::operator==(aed2::ArbolCategorias::DatosCat const&amp;) const</fn>
      <dir>/home/guido/AED2/tp3</dir>
      <file>ArbolCategorias.cpp</file>
      <line>119</line>
    </frame>
    <frame>
      <ip>0x8052E05</ip>
      <obj>/home/guido/AED2/tp3/bin/Debug/tp3</obj>
      <fn>datosLinkNuevoEsVacio()</fn>
      <dir>/home/guido/AED2/tp3</dir>
      <file>tests.cpp</file>
      <line>95</line>
    </frame>
    <frame>
      <ip>0x805672D</ip>
      <obj>/home/guido/AED2/tp3/bin/Debug/tp3</obj>
      <fn>main</fn>
      <dir>/home/guido/AED2/tp3</dir>
      <file>tests.cpp</file>
      <line>212</line>
    </frame>
  </stack>
</error>

<error>
  <unique>0x37</unique>
  <tid>1</tid>
  <kind>Leak_DefinitelyLost</kind>
  <xwhat>
    <text>32 bytes in 1 blocks are definitely lost in loss record 30 of 64</text>
    <leakedbytes>32</leakedbytes>
    <leakedblocks>1</leakedblocks>
  </xwhat>
  <stack>
    <frame>
      <ip>0x402B9B4</ip>
      <obj>/usr/lib/valgrind/vgpreload_memcheck-x86-linux.so</obj>
      <fn>operator new(unsigned int)</fn>
    </frame>
    <frame>
      <ip>0x8049363</ip>
      <obj>/home/guido/AED2/tp3/bin/Debug/tp3</obj>
      <fn>aed2::ArbolCategorias::DatosCat::dameHijos() const</fn>
      <dir>/home/guido/AED2/tp3</dir>
      <file>ArbolCategorias.cpp</file>
      <line>79</line>
    </frame>
    <frame>
      <ip>0x80494C4</ip>
      <obj>/home/guido/AED2/tp3/bin/Debug/tp3</obj>
      <fn>aed2::ArbolCategorias::DatosCat::operator==(aed2::ArbolCategorias::DatosCat const&amp;) const</fn>
      <dir>/home/guido/AED2/tp3</dir>
      <file>ArbolCategorias.cpp</file>
      <line>119</line>
    </frame>
    <frame>
      <ip>0x8052E9B</ip>
      <obj>/home/guido/AED2/tp3/bin/Debug/tp3</obj>
      <fn>datosLinkNuevoEsVacio()</fn>
      <dir>/home/guido/AED2/tp3</dir>
      <file>tests.cpp</file>
      <line>95</line>
    </frame>
    <frame>
      <ip>0x805672D</ip>
      <obj>/home/guido/AED2/tp3/bin/Debug/tp3</obj>
      <fn>main</fn>
      <dir>/home/guido/AED2/tp3</dir>
      <file>tests.cpp</file>
      <line>212</line>
    </frame>
  </stack>
</error>

<error>
  <unique>0x38</unique>
  <tid>1</tid>
  <kind>Leak_DefinitelyLost</kind>
  <xwhat>
    <text>32 bytes in 1 blocks are definitely lost in loss record 31 of 64</text>
    <leakedbytes>32</leakedbytes>
    <leakedblocks>1</leakedblocks>
  </xwhat>
  <stack>
    <frame>
      <ip>0x402B9B4</ip>
      <obj>/usr/lib/valgrind/vgpreload_memcheck-x86-linux.so</obj>
      <fn>operator new(unsigned int)</fn>
    </frame>
    <frame>
      <ip>0x8049363</ip>
      <obj>/home/guido/AED2/tp3/bin/Debug/tp3</obj>
      <fn>aed2::ArbolCategorias::DatosCat::dameHijos() const</fn>
      <dir>/home/guido/AED2/tp3</dir>
      <file>ArbolCategorias.cpp</file>
      <line>79</line>
    </frame>
    <frame>
      <ip>0x80494D1</ip>
      <obj>/home/guido/AED2/tp3/bin/Debug/tp3</obj>
      <fn>aed2::ArbolCategorias::DatosCat::operator==(aed2::ArbolCategorias::DatosCat const&amp;) const</fn>
      <dir>/home/guido/AED2/tp3</dir>
      <file>ArbolCategorias.cpp</file>
      <line>119</line>
    </frame>
    <frame>
      <ip>0x8052E9B</ip>
      <obj>/home/guido/AED2/tp3/bin/Debug/tp3</obj>
      <fn>datosLinkNuevoEsVacio()</fn>
      <dir>/home/guido/AED2/tp3</dir>
      <file>tests.cpp</file>
      <line>95</line>
    </frame>
    <frame>
      <ip>0x805672D</ip>
      <obj>/home/guido/AED2/tp3/bin/Debug/tp3</obj>
      <fn>main</fn>
      <dir>/home/guido/AED2/tp3</dir>
      <file>tests.cpp</file>
      <line>212</line>
    </frame>
  </stack>
</error>

<error>
  <unique>0x39</unique>
  <tid>1</tid>
  <kind>Leak_DefinitelyLost</kind>
  <xwhat>
    <text>32 bytes in 1 blocks are definitely lost in loss record 32 of 64</text>
    <leakedbytes>32</leakedbytes>
    <leakedblocks>1</leakedblocks>
  </xwhat>
  <stack>
    <frame>
      <ip>0x402B9B4</ip>
      <obj>/usr/lib/valgrind/vgpreload_memcheck-x86-linux.so</obj>
      <fn>operator new(unsigned int)</fn>
    </frame>
    <frame>
      <ip>0x8049363</ip>
      <obj>/home/guido/AED2/tp3/bin/Debug/tp3</obj>
      <fn>aed2::ArbolCategorias::DatosCat::dameHijos() const</fn>
      <dir>/home/guido/AED2/tp3</dir>
      <file>ArbolCategorias.cpp</file>
      <line>79</line>
    </frame>
    <frame>
      <ip>0x80494C4</ip>
      <obj>/home/guido/AED2/tp3/bin/Debug/tp3</obj>
      <fn>aed2::ArbolCategorias::DatosCat::operator==(aed2::ArbolCategorias::DatosCat const&amp;) const</fn>
      <dir>/home/guido/AED2/tp3</dir>
      <file>ArbolCategorias.cpp</file>
      <line>119</line>
    </frame>
    <frame>
      <ip>0x80532EA</ip>
      <obj>/home/guido/AED2/tp3/bin/Debug/tp3</obj>
      <fn>datosLinkConDatos()</fn>
      <dir>/home/guido/AED2/tp3</dir>
      <file>tests.cpp</file>
      <line>105</line>
    </frame>
    <frame>
      <ip>0x80567AA</ip>
      <obj>/home/guido/AED2/tp3/bin/Debug/tp3</obj>
      <fn>main</fn>
      <dir>/home/guido/AED2/tp3</dir>
      <file>tests.cpp</file>
      <line>213</line>
    </frame>
  </stack>
</error>

<error>
  <unique>0x3a</unique>
  <tid>1</tid>
  <kind>Leak_DefinitelyLost</kind>
  <xwhat>
    <text>32 bytes in 1 blocks are definitely lost in loss record 33 of 64</text>
    <leakedbytes>32</leakedbytes>
    <leakedblocks>1</leakedblocks>
  </xwhat>
  <stack>
    <frame>
      <ip>0x402B9B4</ip>
      <obj>/usr/lib/valgrind/vgpreload_memcheck-x86-linux.so</obj>
      <fn>operator new(unsigned int)</fn>
    </frame>
    <frame>
      <ip>0x8049363</ip>
      <obj>/home/guido/AED2/tp3/bin/Debug/tp3</obj>
      <fn>aed2::ArbolCategorias::DatosCat::dameHijos() const</fn>
      <dir>/home/guido/AED2/tp3</dir>
      <file>ArbolCategorias.cpp</file>
      <line>79</line>
    </frame>
    <frame>
      <ip>0x80494D1</ip>
      <obj>/home/guido/AED2/tp3/bin/Debug/tp3</obj>
      <fn>aed2::ArbolCategorias::DatosCat::operator==(aed2::ArbolCategorias::DatosCat const&amp;) const</fn>
      <dir>/home/guido/AED2/tp3</dir>
      <file>ArbolCategorias.cpp</file>
      <line>119</line>
    </frame>
    <frame>
      <ip>0x80532EA</ip>
      <obj>/home/guido/AED2/tp3/bin/Debug/tp3</obj>
      <fn>datosLinkConDatos()</fn>
      <dir>/home/guido/AED2/tp3</dir>
      <file>tests.cpp</file>
      <line>105</line>
    </frame>
    <frame>
      <ip>0x80567AA</ip>
      <obj>/home/guido/AED2/tp3/bin/Debug/tp3</obj>
      <fn>main</fn>
      <dir>/home/guido/AED2/tp3</dir>
      <file>tests.cpp</file>
      <line>213</line>
    </frame>
  </stack>
</error>

<error>
  <unique>0x3b</unique>
  <tid>1</tid>
  <kind>Leak_DefinitelyLost</kind>
  <xwhat>
    <text>32 bytes in 1 blocks are definitely lost in loss record 34 of 64</text>
    <leakedbytes>32</leakedbytes>
    <leakedblocks>1</leakedblocks>
  </xwhat>
  <stack>
    <frame>
      <ip>0x402B9B4</ip>
      <obj>/usr/lib/valgrind/vgpreload_memcheck-x86-linux.so</obj>
      <fn>operator new(unsigned int)</fn>
    </frame>
    <frame>
      <ip>0x8049363</ip>
      <obj>/home/guido/AED2/tp3/bin/Debug/tp3</obj>
      <fn>aed2::ArbolCategorias::DatosCat::dameHijos() const</fn>
      <dir>/home/guido/AED2/tp3</dir>
      <file>ArbolCategorias.cpp</file>
      <line>79</line>
    </frame>
    <frame>
      <ip>0x80494C4</ip>
      <obj>/home/guido/AED2/tp3/bin/Debug/tp3</obj>
      <fn>aed2::ArbolCategorias::DatosCat::operator==(aed2::ArbolCategorias::DatosCat const&amp;) const</fn>
      <dir>/home/guido/AED2/tp3</dir>
      <file>ArbolCategorias.cpp</file>
      <line>119</line>
    </frame>
    <frame>
      <ip>0x8053386</ip>
      <obj>/home/guido/AED2/tp3/bin/Debug/tp3</obj>
      <fn>datosLinkConDatos()</fn>
      <dir>/home/guido/AED2/tp3</dir>
      <file>tests.cpp</file>
      <line>105</line>
    </frame>
    <frame>
      <ip>0x80567AA</ip>
      <obj>/home/guido/AED2/tp3/bin/Debug/tp3</obj>
      <fn>main</fn>
      <dir>/home/guido/AED2/tp3</dir>
      <file>tests.cpp</file>
      <line>213</line>
    </frame>
  </stack>
</error>

<error>
  <unique>0x3c</unique>
  <tid>1</tid>
  <kind>Leak_DefinitelyLost</kind>
  <xwhat>
    <text>32 bytes in 1 blocks are definitely lost in loss record 35 of 64</text>
    <leakedbytes>32</leakedbytes>
    <leakedblocks>1</leakedblocks>
  </xwhat>
  <stack>
    <frame>
      <ip>0x402B9B4</ip>
      <obj>/usr/lib/valgrind/vgpreload_memcheck-x86-linux.so</obj>
      <fn>operator new(unsigned int)</fn>
    </frame>
    <frame>
      <ip>0x8049363</ip>
      <obj>/home/guido/AED2/tp3/bin/Debug/tp3</obj>
      <fn>aed2::ArbolCategorias::DatosCat::dameHijos() const</fn>
      <dir>/home/guido/AED2/tp3</dir>
      <file>ArbolCategorias.cpp</file>
      <line>79</line>
    </frame>
    <frame>
      <ip>0x80494D1</ip>
      <obj>/home/guido/AED2/tp3/bin/Debug/tp3</obj>
      <fn>aed2::ArbolCategorias::DatosCat::operator==(aed2::ArbolCategorias::DatosCat const&amp;) const</fn>
      <dir>/home/guido/AED2/tp3</dir>
      <file>ArbolCategorias.cpp</file>
      <line>119</line>
    </frame>
    <frame>
      <ip>0x8053386</ip>
      <obj>/home/guido/AED2/tp3/bin/Debug/tp3</obj>
      <fn>datosLinkConDatos()</fn>
      <dir>/home/guido/AED2/tp3</dir>
      <file>tests.cpp</file>
      <line>105</line>
    </frame>
    <frame>
      <ip>0x80567AA</ip>
      <obj>/home/guido/AED2/tp3/bin/Debug/tp3</obj>
      <fn>main</fn>
      <dir>/home/guido/AED2/tp3</dir>
      <file>tests.cpp</file>
      <line>213</line>
    </frame>
  </stack>
</error>

<error>
  <unique>0x3d</unique>
  <tid>1</tid>
  <kind>Leak_DefinitelyLost</kind>
  <xwhat>
    <text>32 bytes in 1 blocks are definitely lost in loss record 36 of 64</text>
    <leakedbytes>32</leakedbytes>
    <leakedblocks>1</leakedblocks>
  </xwhat>
  <stack>
    <frame>
      <ip>0x402B9B4</ip>
      <obj>/usr/lib/valgrind/vgpreload_memcheck-x86-linux.so</obj>
      <fn>operator new(unsigned int)</fn>
    </frame>
    <frame>
      <ip>0x8049363</ip>
      <obj>/home/guido/AED2/tp3/bin/Debug/tp3</obj>
      <fn>aed2::ArbolCategorias::DatosCat::dameHijos() const</fn>
      <dir>/home/guido/AED2/tp3</dir>
      <file>ArbolCategorias.cpp</file>
      <line>79</line>
    </frame>
    <frame>
      <ip>0x80494C4</ip>
      <obj>/home/guido/AED2/tp3/bin/Debug/tp3</obj>
      <fn>aed2::ArbolCategorias::DatosCat::operator==(aed2::ArbolCategorias::DatosCat const&amp;) const</fn>
      <dir>/home/guido/AED2/tp3</dir>
      <file>ArbolCategorias.cpp</file>
      <line>119</line>
    </frame>
    <frame>
      <ip>0x804C894</ip>
      <obj>/home/guido/AED2/tp3/bin/Debug/tp3</obj>
      <fn>aed2::LinkLinkIt::DatosLink::operator==(aed2::LinkLinkIt::DatosLink&amp;) const</fn>
      <dir>/home/guido/AED2/tp3</dir>
      <file>LinkLinkIt.cpp</file>
      <line>100</line>
    </frame>
    <frame>
      <ip>0x80539AD</ip>
      <obj>/home/guido/AED2/tp3/bin/Debug/tp3</obj>
      <fn>datosLinkConDatos()</fn>
      <dir>/home/guido/AED2/tp3</dir>
      <file>tests.cpp</file>
      <line>115</line>
    </frame>
    <frame>
      <ip>0x80567AA</ip>
      <obj>/home/guido/AED2/tp3/bin/Debug/tp3</obj>
      <fn>main</fn>
      <dir>/home/guido/AED2/tp3</dir>
      <file>tests.cpp</file>
      <line>213</line>
    </frame>
  </stack>
</error>

<error>
  <unique>0x3e</unique>
  <tid>1</tid>
  <kind>Leak_DefinitelyLost</kind>
  <xwhat>
    <text>32 bytes in 1 blocks are definitely lost in loss record 37 of 64</text>
    <leakedbytes>32</leakedbytes>
    <leakedblocks>1</leakedblocks>
  </xwhat>
  <stack>
    <frame>
      <ip>0x402B9B4</ip>
      <obj>/usr/lib/valgrind/vgpreload_memcheck-x86-linux.so</obj>
      <fn>operator new(unsigned int)</fn>
    </frame>
    <frame>
      <ip>0x8049363</ip>
      <obj>/home/guido/AED2/tp3/bin/Debug/tp3</obj>
      <fn>aed2::ArbolCategorias::DatosCat::dameHijos() const</fn>
      <dir>/home/guido/AED2/tp3</dir>
      <file>ArbolCategorias.cpp</file>
      <line>79</line>
    </frame>
    <frame>
      <ip>0x80494D1</ip>
      <obj>/home/guido/AED2/tp3/bin/Debug/tp3</obj>
      <fn>aed2::ArbolCategorias::DatosCat::operator==(aed2::ArbolCategorias::DatosCat const&amp;) const</fn>
      <dir>/home/guido/AED2/tp3</dir>
      <file>ArbolCategorias.cpp</file>
      <line>119</line>
    </frame>
    <frame>
      <ip>0x804C894</ip>
      <obj>/home/guido/AED2/tp3/bin/Debug/tp3</obj>
      <fn>aed2::LinkLinkIt::DatosLink::operator==(aed2::LinkLinkIt::DatosLink&amp;) const</fn>
      <dir>/home/guido/AED2/tp3</dir>
      <file>LinkLinkIt.cpp</file>
      <line>100</line>
    </frame>
    <frame>
      <ip>0x80539AD</ip>
      <obj>/home/guido/AED2/tp3/bin/Debug/tp3</obj>
      <fn>datosLinkConDatos()</fn>
      <dir>/home/guido/AED2/tp3</dir>
      <file>tests.cpp</file>
      <line>115</line>
    </frame>
    <frame>
      <ip>0x80567AA</ip>
      <obj>/home/guido/AED2/tp3/bin/Debug/tp3</obj>
      <fn>main</fn>
      <dir>/home/guido/AED2/tp3</dir>
      <file>tests.cpp</file>
      <line>213</line>
    </frame>
  </stack>
</error>

<error>
  <unique>0x3f</unique>
  <tid>1</tid>
  <kind>Leak_DefinitelyLost</kind>
  <xwhat>
    <text>32 bytes in 1 blocks are definitely lost in loss record 38 of 64</text>
    <leakedbytes>32</leakedbytes>
    <leakedblocks>1</leakedblocks>
  </xwhat>
  <stack>
    <frame>
      <ip>0x402B9B4</ip>
      <obj>/usr/lib/valgrind/vgpreload_memcheck-x86-linux.so</obj>
      <fn>operator new(unsigned int)</fn>
    </frame>
    <frame>
      <ip>0x8049363</ip>
      <obj>/home/guido/AED2/tp3/bin/Debug/tp3</obj>
      <fn>aed2::ArbolCategorias::DatosCat::dameHijos() const</fn>
      <dir>/home/guido/AED2/tp3</dir>
      <file>ArbolCategorias.cpp</file>
      <line>79</line>
    </frame>
    <frame>
      <ip>0x80494C4</ip>
      <obj>/home/guido/AED2/tp3/bin/Debug/tp3</obj>
      <fn>aed2::ArbolCategorias::DatosCat::operator==(aed2::ArbolCategorias::DatosCat const&amp;) const</fn>
      <dir>/home/guido/AED2/tp3</dir>
      <file>ArbolCategorias.cpp</file>
      <line>119</line>
    </frame>
    <frame>
      <ip>0x804C894</ip>
      <obj>/home/guido/AED2/tp3/bin/Debug/tp3</obj>
      <fn>aed2::LinkLinkIt::DatosLink::operator==(aed2::LinkLinkIt::DatosLink&amp;) const</fn>
      <dir>/home/guido/AED2/tp3</dir>
      <file>LinkLinkIt.cpp</file>
      <line>100</line>
    </frame>
    <frame>
      <ip>0x8053A1A</ip>
      <obj>/home/guido/AED2/tp3/bin/Debug/tp3</obj>
      <fn>datosLinkConDatos()</fn>
      <dir>/home/guido/AED2/tp3</dir>
      <file>tests.cpp</file>
      <line>115</line>
    </frame>
    <frame>
      <ip>0x80567AA</ip>
      <obj>/home/guido/AED2/tp3/bin/Debug/tp3</obj>
      <fn>main</fn>
      <dir>/home/guido/AED2/tp3</dir>
      <file>tests.cpp</file>
      <line>213</line>
    </frame>
  </stack>
</error>

<error>
  <unique>0x40</unique>
  <tid>1</tid>
  <kind>Leak_DefinitelyLost</kind>
  <xwhat>
    <text>32 bytes in 1 blocks are definitely lost in loss record 39 of 64</text>
    <leakedbytes>32</leakedbytes>
    <leakedblocks>1</leakedblocks>
  </xwhat>
  <stack>
    <frame>
      <ip>0x402B9B4</ip>
      <obj>/usr/lib/valgrind/vgpreload_memcheck-x86-linux.so</obj>
      <fn>operator new(unsigned int)</fn>
    </frame>
    <frame>
      <ip>0x8049363</ip>
      <obj>/home/guido/AED2/tp3/bin/Debug/tp3</obj>
      <fn>aed2::ArbolCategorias::DatosCat::dameHijos() const</fn>
      <dir>/home/guido/AED2/tp3</dir>
      <file>ArbolCategorias.cpp</file>
      <line>79</line>
    </frame>
    <frame>
      <ip>0x80494D1</ip>
      <obj>/home/guido/AED2/tp3/bin/Debug/tp3</obj>
      <fn>aed2::ArbolCategorias::DatosCat::operator==(aed2::ArbolCategorias::DatosCat const&amp;) const</fn>
      <dir>/home/guido/AED2/tp3</dir>
      <file>ArbolCategorias.cpp</file>
      <line>119</line>
    </frame>
    <frame>
      <ip>0x804C894</ip>
      <obj>/home/guido/AED2/tp3/bin/Debug/tp3</obj>
      <fn>aed2::LinkLinkIt::DatosLink::operator==(aed2::LinkLinkIt::DatosLink&amp;) const</fn>
      <dir>/home/guido/AED2/tp3</dir>
      <file>LinkLinkIt.cpp</file>
      <line>100</line>
    </frame>
    <frame>
      <ip>0x8053A1A</ip>
      <obj>/home/guido/AED2/tp3/bin/Debug/tp3</obj>
      <fn>datosLinkConDatos()</fn>
      <dir>/home/guido/AED2/tp3</dir>
      <file>tests.cpp</file>
      <line>115</line>
    </frame>
    <frame>
      <ip>0x80567AA</ip>
      <obj>/home/guido/AED2/tp3/bin/Debug/tp3</obj>
      <fn>main</fn>
      <dir>/home/guido/AED2/tp3</dir>
      <file>tests.cpp</file>
      <line>213</line>
    </frame>
  </stack>
</error>

<error>
  <unique>0x41</unique>
  <tid>1</tid>
  <kind>Leak_DefinitelyLost</kind>
  <xwhat>
    <text>32 bytes in 1 blocks are definitely lost in loss record 40 of 64</text>
    <leakedbytes>32</leakedbytes>
    <leakedblocks>1</leakedblocks>
  </xwhat>
  <stack>
    <frame>
      <ip>0x402B9B4</ip>
      <obj>/usr/lib/valgrind/vgpreload_memcheck-x86-linux.so</obj>
      <fn>operator new(unsigned int)</fn>
    </frame>
    <frame>
      <ip>0x8049363</ip>
      <obj>/home/guido/AED2/tp3/bin/Debug/tp3</obj>
      <fn>aed2::ArbolCategorias::DatosCat::dameHijos() const</fn>
      <dir>/home/guido/AED2/tp3</dir>
      <file>ArbolCategorias.cpp</file>
      <line>79</line>
    </frame>
    <frame>
      <ip>0x8055727</ip>
      <obj>/home/guido/AED2/tp3/bin/Debug/tp3</obj>
      <fn>datosCatNuevo()</fn>
      <dir>/home/guido/AED2/tp3</dir>
      <file>tests.cpp</file>
      <line>178</line>
    </frame>
    <frame>
      <ip>0x8056921</ip>
      <obj>/home/guido/AED2/tp3/bin/Debug/tp3</obj>
      <fn>main</fn>
      <dir>/home/guido/AED2/tp3</dir>
      <file>tests.cpp</file>
      <line>216</line>
    </frame>
  </stack>
</error>

<error>
  <unique>0x42</unique>
  <tid>1</tid>
  <kind>Leak_DefinitelyLost</kind>
  <xwhat>
    <text>32 bytes in 1 blocks are definitely lost in loss record 41 of 64</text>
    <leakedbytes>32</leakedbytes>
    <leakedblocks>1</leakedblocks>
  </xwhat>
  <stack>
    <frame>
      <ip>0x402B9B4</ip>
      <obj>/usr/lib/valgrind/vgpreload_memcheck-x86-linux.so</obj>
      <fn>operator new(unsigned int)</fn>
    </frame>
    <frame>
      <ip>0x8049363</ip>
      <obj>/home/guido/AED2/tp3/bin/Debug/tp3</obj>
      <fn>aed2::ArbolCategorias::DatosCat::dameHijos() const</fn>
      <dir>/home/guido/AED2/tp3</dir>
      <file>ArbolCategorias.cpp</file>
      <line>79</line>
    </frame>
    <frame>
      <ip>0x8055792</ip>
      <obj>/home/guido/AED2/tp3/bin/Debug/tp3</obj>
      <fn>datosCatNuevo()</fn>
      <dir>/home/guido/AED2/tp3</dir>
      <file>tests.cpp</file>
      <line>178</line>
    </frame>
    <frame>
      <ip>0x8056921</ip>
      <obj>/home/guido/AED2/tp3/bin/Debug/tp3</obj>
      <fn>main</fn>
      <dir>/home/guido/AED2/tp3</dir>
      <file>tests.cpp</file>
      <line>216</line>
    </frame>
  </stack>
</error>

<error>
  <unique>0x43</unique>
  <tid>1</tid>
  <kind>Leak_DefinitelyLost</kind>
  <xwhat>
    <text>32 bytes in 1 blocks are definitely lost in loss record 42 of 64</text>
    <leakedbytes>32</leakedbytes>
    <leakedblocks>1</leakedblocks>
  </xwhat>
  <stack>
    <frame>
      <ip>0x402B9B4</ip>
      <obj>/usr/lib/valgrind/vgpreload_memcheck-x86-linux.so</obj>
      <fn>operator new(unsigned int)</fn>
    </frame>
    <frame>
      <ip>0x8049363</ip>
      <obj>/home/guido/AED2/tp3/bin/Debug/tp3</obj>
      <fn>aed2::ArbolCategorias::DatosCat::dameHijos() const</fn>
      <dir>/home/guido/AED2/tp3</dir>
      <file>ArbolCategorias.cpp</file>
      <line>79</line>
    </frame>
    <frame>
      <ip>0x8055BC9</ip>
      <obj>/home/guido/AED2/tp3/bin/Debug/tp3</obj>
      <fn>datosCatNuevo()</fn>
      <dir>/home/guido/AED2/tp3</dir>
      <file>tests.cpp</file>
      <line>183</line>
    </frame>
    <frame>
      <ip>0x8056921</ip>
      <obj>/home/guido/AED2/tp3/bin/Debug/tp3</obj>
      <fn>main</fn>
      <dir>/home/guido/AED2/tp3</dir>
      <file>tests.cpp</file>
      <line>216</line>
    </frame>
  </stack>
</error>

<error>
  <unique>0x44</unique>
  <tid>1</tid>
  <kind>Leak_DefinitelyLost</kind>
  <xwhat>
    <text>32 bytes in 1 blocks are definitely lost in loss record 43 of 64</text>
    <leakedbytes>32</leakedbytes>
    <leakedblocks>1</leakedblocks>
  </xwhat>
  <stack>
    <frame>
      <ip>0x402B9B4</ip>
      <obj>/usr/lib/valgrind/vgpreload_memcheck-x86-linux.so</obj>
      <fn>operator new(unsigned int)</fn>
    </frame>
    <frame>
      <ip>0x8049363</ip>
      <obj>/home/guido/AED2/tp3/bin/Debug/tp3</obj>
      <fn>aed2::ArbolCategorias::DatosCat::dameHijos() const</fn>
      <dir>/home/guido/AED2/tp3</dir>
      <file>ArbolCategorias.cpp</file>
      <line>79</line>
    </frame>
    <frame>
      <ip>0x8055C34</ip>
      <obj>/home/guido/AED2/tp3/bin/Debug/tp3</obj>
      <fn>datosCatNuevo()</fn>
      <dir>/home/guido/AED2/tp3</dir>
      <file>tests.cpp</file>
      <line>183</line>
    </frame>
    <frame>
      <ip>0x8056921</ip>
      <obj>/home/guido/AED2/tp3/bin/Debug/tp3</obj>
      <fn>main</fn>
      <dir>/home/guido/AED2/tp3</dir>
      <file>tests.cpp</file>
      <line>216</line>
    </frame>
  </stack>
</error>

<error>
  <unique>0x45</unique>
  <tid>1</tid>
  <kind>Leak_DefinitelyLost</kind>
  <xwhat>
    <text>32 bytes in 1 blocks are definitely lost in loss record 44 of 64</text>
    <leakedbytes>32</leakedbytes>
    <leakedblocks>1</leakedblocks>
  </xwhat>
  <stack>
    <frame>
      <ip>0x402B9B4</ip>
      <obj>/usr/lib/valgrind/vgpreload_memcheck-x86-linux.so</obj>
      <fn>operator new(unsigned int)</fn>
    </frame>
    <frame>
      <ip>0x8049363</ip>
      <obj>/home/guido/AED2/tp3/bin/Debug/tp3</obj>
      <fn>aed2::ArbolCategorias::DatosCat::dameHijos() const</fn>
      <dir>/home/guido/AED2/tp3</dir>
      <file>ArbolCategorias.cpp</file>
      <line>79</line>
    </frame>
    <frame>
      <ip>0x80494C4</ip>
      <obj>/home/guido/AED2/tp3/bin/Debug/tp3</obj>
      <fn>aed2::ArbolCategorias::DatosCat::operator==(aed2::ArbolCategorias::DatosCat const&amp;) const</fn>
      <dir>/home/guido/AED2/tp3</dir>
      <file>ArbolCategorias.cpp</file>
      <line>119</line>
    </frame>
    <frame>
      <ip>0x8055E6E</ip>
      <obj>/home/guido/AED2/tp3/bin/Debug/tp3</obj>
      <fn>datosCatNuevo()</fn>
      <dir>/home/guido/AED2/tp3</dir>
      <file>tests.cpp</file>
      <line>186</line>
    </frame>
    <frame>
      <ip>0x8056921</ip>
      <obj>/home/guido/AED2/tp3/bin/Debug/tp3</obj>
      <fn>main</fn>
      <dir>/home/guido/AED2/tp3</dir>
      <file>tests.cpp</file>
      <line>216</line>
    </frame>
  </stack>
</error>

<error>
  <unique>0x46</unique>
  <tid>1</tid>
  <kind>Leak_DefinitelyLost</kind>
  <xwhat>
    <text>32 bytes in 1 blocks are definitely lost in loss record 45 of 64</text>
    <leakedbytes>32</leakedbytes>
    <leakedblocks>1</leakedblocks>
  </xwhat>
  <stack>
    <frame>
      <ip>0x402B9B4</ip>
      <obj>/usr/lib/valgrind/vgpreload_memcheck-x86-linux.so</obj>
      <fn>operator new(unsigned int)</fn>
    </frame>
    <frame>
      <ip>0x8049363</ip>
      <obj>/home/guido/AED2/tp3/bin/Debug/tp3</obj>
      <fn>aed2::ArbolCategorias::DatosCat::dameHijos() const</fn>
      <dir>/home/guido/AED2/tp3</dir>
      <file>ArbolCategorias.cpp</file>
      <line>79</line>
    </frame>
    <frame>
      <ip>0x80494D1</ip>
      <obj>/home/guido/AED2/tp3/bin/Debug/tp3</obj>
      <fn>aed2::ArbolCategorias::DatosCat::operator==(aed2::ArbolCategorias::DatosCat const&amp;) const</fn>
      <dir>/home/guido/AED2/tp3</dir>
      <file>ArbolCategorias.cpp</file>
      <line>119</line>
    </frame>
    <frame>
      <ip>0x8055E6E</ip>
      <obj>/home/guido/AED2/tp3/bin/Debug/tp3</obj>
      <fn>datosCatNuevo()</fn>
      <dir>/home/guido/AED2/tp3</dir>
      <file>tests.cpp</file>
      <line>186</line>
    </frame>
    <frame>
      <ip>0x8056921</ip>
      <obj>/home/guido/AED2/tp3/bin/Debug/tp3</obj>
      <fn>main</fn>
      <dir>/home/guido/AED2/tp3</dir>
      <file>tests.cpp</file>
      <line>216</line>
    </frame>
  </stack>
</error>

<error>
  <unique>0x47</unique>
  <tid>1</tid>
  <kind>Leak_DefinitelyLost</kind>
  <xwhat>
    <text>32 bytes in 1 blocks are definitely lost in loss record 46 of 64</text>
    <leakedbytes>32</leakedbytes>
    <leakedblocks>1</leakedblocks>
  </xwhat>
  <stack>
    <frame>
      <ip>0x402B9B4</ip>
      <obj>/usr/lib/valgrind/vgpreload_memcheck-x86-linux.so</obj>
      <fn>operator new(unsigned int)</fn>
    </frame>
    <frame>
      <ip>0x8049363</ip>
      <obj>/home/guido/AED2/tp3/bin/Debug/tp3</obj>
      <fn>aed2::ArbolCategorias::DatosCat::dameHijos() const</fn>
      <dir>/home/guido/AED2/tp3</dir>
      <file>ArbolCategorias.cpp</file>
      <line>79</line>
    </frame>
    <frame>
      <ip>0x80494C4</ip>
      <obj>/home/guido/AED2/tp3/bin/Debug/tp3</obj>
      <fn>aed2::ArbolCategorias::DatosCat::operator==(aed2::ArbolCategorias::DatosCat const&amp;) const</fn>
      <dir>/home/guido/AED2/tp3</dir>
      <file>ArbolCategorias.cpp</file>
      <line>119</line>
    </frame>
    <frame>
      <ip>0x8055EDB</ip>
      <obj>/home/guido/AED2/tp3/bin/Debug/tp3</obj>
      <fn>datosCatNuevo()</fn>
      <dir>/home/guido/AED2/tp3</dir>
      <file>tests.cpp</file>
      <line>186</line>
    </frame>
    <frame>
      <ip>0x8056921</ip>
      <obj>/home/guido/AED2/tp3/bin/Debug/tp3</obj>
      <fn>main</fn>
      <dir>/home/guido/AED2/tp3</dir>
      <file>tests.cpp</file>
      <line>216</line>
    </frame>
  </stack>
</error>

<error>
  <unique>0x48</unique>
  <tid>1</tid>
  <kind>Leak_DefinitelyLost</kind>
  <xwhat>
    <text>32 bytes in 1 blocks are definitely lost in loss record 47 of 64</text>
    <leakedbytes>32</leakedbytes>
    <leakedblocks>1</leakedblocks>
  </xwhat>
  <stack>
    <frame>
      <ip>0x402B9B4</ip>
      <obj>/usr/lib/valgrind/vgpreload_memcheck-x86-linux.so</obj>
      <fn>operator new(unsigned int)</fn>
    </frame>
    <frame>
      <ip>0x8049363</ip>
      <obj>/home/guido/AED2/tp3/bin/Debug/tp3</obj>
      <fn>aed2::ArbolCategorias::DatosCat::dameHijos() const</fn>
      <dir>/home/guido/AED2/tp3</dir>
      <file>ArbolCategorias.cpp</file>
      <line>79</line>
    </frame>
    <frame>
      <ip>0x80494D1</ip>
      <obj>/home/guido/AED2/tp3/bin/Debug/tp3</obj>
      <fn>aed2::ArbolCategorias::DatosCat::operator==(aed2::ArbolCategorias::DatosCat const&amp;) const</fn>
      <dir>/home/guido/AED2/tp3</dir>
      <file>ArbolCategorias.cpp</file>
      <line>119</line>
    </frame>
    <frame>
      <ip>0x8055EDB</ip>
      <obj>/home/guido/AED2/tp3/bin/Debug/tp3</obj>
      <fn>datosCatNuevo()</fn>
      <dir>/home/guido/AED2/tp3</dir>
      <file>tests.cpp</file>
      <line>186</line>
    </frame>
    <frame>
      <ip>0x8056921</ip>
      <obj>/home/guido/AED2/tp3/bin/Debug/tp3</obj>
      <fn>main</fn>
      <dir>/home/guido/AED2/tp3</dir>
      <file>tests.cpp</file>
      <line>216</line>
    </frame>
  </stack>
</error>

<error>
  <unique>0x49</unique>
  <tid>1</tid>
  <kind>Leak_DefinitelyLost</kind>
  <xwhat>
    <text>32 bytes in 1 blocks are definitely lost in loss record 48 of 64</text>
    <leakedbytes>32</leakedbytes>
    <leakedblocks>1</leakedblocks>
  </xwhat>
  <stack>
    <frame>
      <ip>0x402B9B4</ip>
      <obj>/usr/lib/valgrind/vgpreload_memcheck-x86-linux.so</obj>
      <fn>operator new(unsigned int)</fn>
    </frame>
    <frame>
      <ip>0x8049363</ip>
      <obj>/home/guido/AED2/tp3/bin/Debug/tp3</obj>
      <fn>aed2::ArbolCategorias::DatosCat::dameHijos() const</fn>
      <dir>/home/guido/AED2/tp3</dir>
      <file>ArbolCategorias.cpp</file>
      <line>79</line>
    </frame>
    <frame>
      <ip>0x80494C4</ip>
      <obj>/home/guido/AED2/tp3/bin/Debug/tp3</obj>
      <fn>aed2::ArbolCategorias::DatosCat::operator==(aed2::ArbolCategorias::DatosCat const&amp;) const</fn>
      <dir>/home/guido/AED2/tp3</dir>
      <file>ArbolCategorias.cpp</file>
      <line>119</line>
    </frame>
    <frame>
      <ip>0x8055F6C</ip>
      <obj>/home/guido/AED2/tp3/bin/Debug/tp3</obj>
      <fn>datosCatNuevo()</fn>
      <dir>/home/guido/AED2/tp3</dir>
      <file>tests.cpp</file>
      <line>187</line>
    </frame>
    <frame>
      <ip>0x8056921</ip>
      <obj>/home/guido/AED2/tp3/bin/Debug/tp3</obj>
      <fn>main</fn>
      <dir>/home/guido/AED2/tp3</dir>
      <file>tests.cpp</file>
      <line>216</line>
    </frame>
  </stack>
</error>

<error>
  <unique>0x4a</unique>
  <tid>1</tid>
  <kind>Leak_DefinitelyLost</kind>
  <xwhat>
    <text>32 bytes in 1 blocks are definitely lost in loss record 49 of 64</text>
    <leakedbytes>32</leakedbytes>
    <leakedblocks>1</leakedblocks>
  </xwhat>
  <stack>
    <frame>
      <ip>0x402B9B4</ip>
      <obj>/usr/lib/valgrind/vgpreload_memcheck-x86-linux.so</obj>
      <fn>operator new(unsigned int)</fn>
    </frame>
    <frame>
      <ip>0x8049363</ip>
      <obj>/home/guido/AED2/tp3/bin/Debug/tp3</obj>
      <fn>aed2::ArbolCategorias::DatosCat::dameHijos() const</fn>
      <dir>/home/guido/AED2/tp3</dir>
      <file>ArbolCategorias.cpp</file>
      <line>79</line>
    </frame>
    <frame>
      <ip>0x80494D1</ip>
      <obj>/home/guido/AED2/tp3/bin/Debug/tp3</obj>
      <fn>aed2::ArbolCategorias::DatosCat::operator==(aed2::ArbolCategorias::DatosCat const&amp;) const</fn>
      <dir>/home/guido/AED2/tp3</dir>
      <file>ArbolCategorias.cpp</file>
      <line>119</line>
    </frame>
    <frame>
      <ip>0x8055F6C</ip>
      <obj>/home/guido/AED2/tp3/bin/Debug/tp3</obj>
      <fn>datosCatNuevo()</fn>
      <dir>/home/guido/AED2/tp3</dir>
      <file>tests.cpp</file>
      <line>187</line>
    </frame>
    <frame>
      <ip>0x8056921</ip>
      <obj>/home/guido/AED2/tp3/bin/Debug/tp3</obj>
      <fn>main</fn>
      <dir>/home/guido/AED2/tp3</dir>
      <file>tests.cpp</file>
      <line>216</line>
    </frame>
  </stack>
</error>

<error>
  <unique>0x4b</unique>
  <tid>1</tid>
  <kind>Leak_DefinitelyLost</kind>
  <xwhat>
    <text>32 bytes in 1 blocks are definitely lost in loss record 50 of 64</text>
    <leakedbytes>32</leakedbytes>
    <leakedblocks>1</leakedblocks>
  </xwhat>
  <stack>
    <frame>
      <ip>0x402B9B4</ip>
      <obj>/usr/lib/valgrind/vgpreload_memcheck-x86-linux.so</obj>
      <fn>operator new(unsigned int)</fn>
    </frame>
    <frame>
      <ip>0x8049363</ip>
      <obj>/home/guido/AED2/tp3/bin/Debug/tp3</obj>
      <fn>aed2::ArbolCategorias::DatosCat::dameHijos() const</fn>
      <dir>/home/guido/AED2/tp3</dir>
      <file>ArbolCategorias.cpp</file>
      <line>79</line>
    </frame>
    <frame>
      <ip>0x80494C4</ip>
      <obj>/home/guido/AED2/tp3/bin/Debug/tp3</obj>
      <fn>aed2::ArbolCategorias::DatosCat::operator==(aed2::ArbolCategorias::DatosCat const&amp;) const</fn>
      <dir>/home/guido/AED2/tp3</dir>
      <file>ArbolCategorias.cpp</file>
      <line>119</line>
    </frame>
    <frame>
      <ip>0x8055FD9</ip>
      <obj>/home/guido/AED2/tp3/bin/Debug/tp3</obj>
      <fn>datosCatNuevo()</fn>
      <dir>/home/guido/AED2/tp3</dir>
      <file>tests.cpp</file>
      <line>187</line>
    </frame>
    <frame>
      <ip>0x8056921</ip>
      <obj>/home/guido/AED2/tp3/bin/Debug/tp3</obj>
      <fn>main</fn>
      <dir>/home/guido/AED2/tp3</dir>
      <file>tests.cpp</file>
      <line>216</line>
    </frame>
  </stack>
</error>

<error>
  <unique>0x4c</unique>
  <tid>1</tid>
  <kind>Leak_DefinitelyLost</kind>
  <xwhat>
    <text>32 bytes in 1 blocks are definitely lost in loss record 51 of 64</text>
    <leakedbytes>32</leakedbytes>
    <leakedblocks>1</leakedblocks>
  </xwhat>
  <stack>
    <frame>
      <ip>0x402B9B4</ip>
      <obj>/usr/lib/valgrind/vgpreload_memcheck-x86-linux.so</obj>
      <fn>operator new(unsigned int)</fn>
    </frame>
    <frame>
      <ip>0x8049363</ip>
      <obj>/home/guido/AED2/tp3/bin/Debug/tp3</obj>
      <fn>aed2::ArbolCategorias::DatosCat::dameHijos() const</fn>
      <dir>/home/guido/AED2/tp3</dir>
      <file>ArbolCategorias.cpp</file>
      <line>79</line>
    </frame>
    <frame>
      <ip>0x80494D1</ip>
      <obj>/home/guido/AED2/tp3/bin/Debug/tp3</obj>
      <fn>aed2::ArbolCategorias::DatosCat::operator==(aed2::ArbolCategorias::DatosCat const&amp;) const</fn>
      <dir>/home/guido/AED2/tp3</dir>
      <file>ArbolCategorias.cpp</file>
      <line>119</line>
    </frame>
    <frame>
      <ip>0x8055FD9</ip>
      <obj>/home/guido/AED2/tp3/bin/Debug/tp3</obj>
      <fn>datosCatNuevo()</fn>
      <dir>/home/guido/AED2/tp3</dir>
      <file>tests.cpp</file>
      <line>187</line>
    </frame>
    <frame>
      <ip>0x8056921</ip>
      <obj>/home/guido/AED2/tp3/bin/Debug/tp3</obj>
      <fn>main</fn>
      <dir>/home/guido/AED2/tp3</dir>
      <file>tests.cpp</file>
      <line>216</line>
    </frame>
  </stack>
</error>

<error>
  <unique>0x51</unique>
  <tid>1</tid>
  <kind>Leak_DefinitelyLost</kind>
  <xwhat>
    <text>56 (32 direct, 24 indirect) bytes in 1 blocks are definitely lost in loss record 56 of 64</text>
    <leakedbytes>56</leakedbytes>
    <leakedblocks>1</leakedblocks>
  </xwhat>
  <stack>
    <frame>
      <ip>0x402B9B4</ip>
      <obj>/usr/lib/valgrind/vgpreload_memcheck-x86-linux.so</obj>
      <fn>operator new(unsigned int)</fn>
    </frame>
    <frame>
      <ip>0x8049363</ip>
      <obj>/home/guido/AED2/tp3/bin/Debug/tp3</obj>
      <fn>aed2::ArbolCategorias::DatosCat::dameHijos() const</fn>
      <dir>/home/guido/AED2/tp3</dir>
      <file>ArbolCategorias.cpp</file>
      <line>79</line>
    </frame>
    <frame>
      <ip>0x8049650</ip>
      <obj>/home/guido/AED2/tp3/bin/Debug/tp3</obj>
      <fn>aed2::ArbolCategorias::hijosAC(std::string const&amp;) const</fn>
      <dir>/home/guido/AED2/tp3</dir>
      <file>ArbolCategorias.cpp</file>
      <line>156</line>
    </frame>
    <frame>
      <ip>0x8050962</ip>
      <obj>/home/guido/AED2/tp3/bin/Debug/tp3</obj>
      <fn>arbolNuevoEsVacio()</fn>
      <dir>/home/guido/AED2/tp3</dir>
      <file>tests.cpp</file>
      <line>48</line>
    </frame>
    <frame>
      <ip>0x8056633</ip>
      <obj>/home/guido/AED2/tp3/bin/Debug/tp3</obj>
      <fn>main</fn>
      <dir>/home/guido/AED2/tp3</dir>
      <file>tests.cpp</file>
      <line>210</line>
    </frame>
  </stack>
</error>

<error>
  <unique>0x52</unique>
  <tid>1</tid>
  <kind>Leak_DefinitelyLost</kind>
  <xwhat>
    <text>56 (32 direct, 24 indirect) bytes in 1 blocks are definitely lost in loss record 57 of 64</text>
    <leakedbytes>56</leakedbytes>
    <leakedblocks>1</leakedblocks>
  </xwhat>
  <stack>
    <frame>
      <ip>0x402B9B4</ip>
      <obj>/usr/lib/valgrind/vgpreload_memcheck-x86-linux.so</obj>
      <fn>operator new(unsigned int)</fn>
    </frame>
    <frame>
      <ip>0x8049363</ip>
      <obj>/home/guido/AED2/tp3/bin/Debug/tp3</obj>
      <fn>aed2::ArbolCategorias::DatosCat::dameHijos() const</fn>
      <dir>/home/guido/AED2/tp3</dir>
      <file>ArbolCategorias.cpp</file>
      <line>79</line>
    </frame>
    <frame>
      <ip>0x8049650</ip>
      <obj>/home/guido/AED2/tp3/bin/Debug/tp3</obj>
      <fn>aed2::ArbolCategorias::hijosAC(std::string const&amp;) const</fn>
      <dir>/home/guido/AED2/tp3</dir>
      <file>ArbolCategorias.cpp</file>
      <line>156</line>
    </frame>
    <frame>
      <ip>0x8051F93</ip>
      <obj>/home/guido/AED2/tp3/bin/Debug/tp3</obj>
      <fn>arbolNuevoConRaizTieneHijoVacio()</fn>
      <dir>/home/guido/AED2/tp3</dir>
      <file>tests.cpp</file>
      <line>74</line>
    </frame>
    <frame>
      <ip>0x80566B0</ip>
      <obj>/home/guido/AED2/tp3/bin/Debug/tp3</obj>
      <fn>main</fn>
      <dir>/home/guido/AED2/tp3</dir>
      <file>tests.cpp</file>
      <line>211</line>
    </frame>
  </stack>
</error>

<error>
  <unique>0x53</unique>
  <tid>1</tid>
  <kind>Leak_DefinitelyLost</kind>
  <xwhat>
    <text>105 (32 direct, 73 indirect) bytes in 1 blocks are definitely lost in loss record 58 of 64</text>
    <leakedbytes>105</leakedbytes>
    <leakedblocks>1</leakedblocks>
  </xwhat>
  <stack>
    <frame>
      <ip>0x402B9B4</ip>
      <obj>/usr/lib/valgrind/vgpreload_memcheck-x86-linux.so</obj>
      <fn>operator new(unsigned int)</fn>
    </frame>
    <frame>
      <ip>0x8049363</ip>
      <obj>/home/guido/AED2/tp3/bin/Debug/tp3</obj>
      <fn>aed2::ArbolCategorias::DatosCat::dameHijos() const</fn>
      <dir>/home/guido/AED2/tp3</dir>
      <file>ArbolCategorias.cpp</file>
      <line>79</line>
    </frame>
    <frame>
      <ip>0x8049650</ip>
      <obj>/home/guido/AED2/tp3/bin/Debug/tp3</obj>
      <fn>aed2::ArbolCategorias::hijosAC(std::string const&amp;) const</fn>
      <dir>/home/guido/AED2/tp3</dir>
      <file>ArbolCategorias.cpp</file>
      <line>156</line>
    </frame>
    <frame>
      <ip>0x80508ED</ip>
      <obj>/home/guido/AED2/tp3/bin/Debug/tp3</obj>
      <fn>arbolNuevoEsVacio()</fn>
      <dir>/home/guido/AED2/tp3</dir>
      <file>tests.cpp</file>
      <line>48</line>
    </frame>
    <frame>
      <ip>0x8056633</ip>
      <obj>/home/guido/AED2/tp3/bin/Debug/tp3</obj>
      <fn>main</fn>
      <dir>/home/guido/AED2/tp3</dir>
      <file>tests.cpp</file>
      <line>210</line>
    </frame>
  </stack>
</error>

<error>
  <unique>0x54</unique>
  <tid>1</tid>
  <kind>Leak_DefinitelyLost</kind>
  <xwhat>
    <text>105 (32 direct, 73 indirect) bytes in 1 blocks are definitely lost in loss record 59 of 64</text>
    <leakedbytes>105</leakedbytes>
    <leakedblocks>1</leakedblocks>
  </xwhat>
  <stack>
    <frame>
      <ip>0x402B9B4</ip>
      <obj>/usr/lib/valgrind/vgpreload_memcheck-x86-linux.so</obj>
      <fn>operator new(unsigned int)</fn>
    </frame>
    <frame>
      <ip>0x8049363</ip>
      <obj>/home/guido/AED2/tp3/bin/Debug/tp3</obj>
      <fn>aed2::ArbolCategorias::DatosCat::dameHijos() const</fn>
      <dir>/home/guido/AED2/tp3</dir>
      <file>ArbolCategorias.cpp</file>
      <line>79</line>
    </frame>
    <frame>
      <ip>0x8049650</ip>
      <obj>/home/guido/AED2/tp3/bin/Debug/tp3</obj>
      <fn>aed2::ArbolCategorias::hijosAC(std::string const&amp;) const</fn>
      <dir>/home/guido/AED2/tp3</dir>
      <file>ArbolCategorias.cpp</file>
      <line>156</line>
    </frame>
    <frame>
      <ip>0x8051F1E</ip>
      <obj>/home/guido/AED2/tp3/bin/Debug/tp3</obj>
      <fn>arbolNuevoConRaizTieneHijoVacio()</fn>
      <dir>/home/guido/AED2/tp3</dir>
      <file>tests.cpp</file>
      <line>74</line>
    </frame>
    <frame>
      <ip>0x80566B0</ip>
      <obj>/home/guido/AED2/tp3/bin/Debug/tp3</obj>
      <fn>main</fn>
      <dir>/home/guido/AED2/tp3</dir>
      <file>tests.cpp</file>
      <line>211</line>
    </frame>
  </stack>
</error>

<error>
  <unique>0x57</unique>
  <tid>1</tid>
  <kind>Leak_DefinitelyLost</kind>
  <xwhat>
    <text>1,032 bytes in 1 blocks are definitely lost in loss record 62 of 64</text>
    <leakedbytes>1032</leakedbytes>
    <leakedblocks>1</leakedblocks>
  </xwhat>
  <stack>
    <frame>
      <ip>0x402B9B4</ip>
      <obj>/usr/lib/valgrind/vgpreload_memcheck-x86-linux.so</obj>
      <fn>operator new(unsigned int)</fn>
    </frame>
    <frame>
      <ip>0x804A01C</ip>
      <obj>/home/guido/AED2/tp3/bin/Debug/tp3</obj>
      <fn>DiccTrie&lt;aed2::ArbolCategorias::DatosCat*&gt;::DiccTrie()</fn>
      <dir>/home/guido/AED2/tp3</dir>
      <file>DiccTrie.h</file>
      <line>49</line>
    </frame>
    <frame>
      <ip>0x8048F87</ip>
      <obj>/home/guido/AED2/tp3/bin/Debug/tp3</obj>
      <fn>aed2::ArbolCategorias::ArbolCategorias()</fn>
      <dir>/home/guido/AED2/tp3</dir>
      <file>ArbolCategorias.cpp</file>
      <line>3</line>
    </frame>
    <frame>
      <ip>0x804C309</ip>
      <obj>/home/guido/AED2/tp3/bin/Debug/tp3</obj>
      <fn>aed2::LinkLinkIt::LinkLinkIt(aed2::ArbolCategorias)</fn>
      <dir>/home/guido/AED2/tp3</dir>
      <file>LinkLinkIt.cpp</file>
      <line>5</line>
    </frame>
    <frame>
      <ip>0x80564AB</ip>
      <obj>/home/guido/AED2/tp3/bin/Debug/tp3</obj>
      <fn>LinkLinkItNuevo()</fn>
      <dir>/home/guido/AED2/tp3</dir>
      <file>tests.cpp</file>
      <line>196</line>
    </frame>
    <frame>
      <ip>0x805699E</ip>
      <obj>/home/guido/AED2/tp3/bin/Debug/tp3</obj>
      <fn>main</fn>
      <dir>/home/guido/AED2/tp3</dir>
      <file>tests.cpp</file>
      <line>217</line>
    </frame>
  </stack>
</error>

<error>
  <unique>0x58</unique>
  <tid>1</tid>
  <kind>Leak_DefinitelyLost</kind>
  <xwhat>
    <text>1,032 bytes in 1 blocks are definitely lost in loss record 63 of 64</text>
    <leakedbytes>1032</leakedbytes>
    <leakedblocks>1</leakedblocks>
  </xwhat>
  <stack>
    <frame>
      <ip>0x402B9B4</ip>
      <obj>/usr/lib/valgrind/vgpreload_memcheck-x86-linux.so</obj>
      <fn>operator new(unsigned int)</fn>
    </frame>
    <frame>
      <ip>0x804E12C</ip>
      <obj>/home/guido/AED2/tp3/bin/Debug/tp3</obj>
      <fn>DiccTrie&lt;aed2::LinkLinkIt::DatosLink*&gt;::DiccTrie()</fn>
      <dir>/home/guido/AED2/tp3</dir>
      <file>DiccTrie.h</file>
      <line>49</line>
    </frame>
    <frame>
      <ip>0x804C361</ip>
      <obj>/home/guido/AED2/tp3/bin/Debug/tp3</obj>
      <fn>aed2::LinkLinkIt::LinkLinkIt(aed2::ArbolCategorias)</fn>
      <dir>/home/guido/AED2/tp3</dir>
      <file>LinkLinkIt.cpp</file>
      <line>9</line>
    </frame>
    <frame>
      <ip>0x80564AB</ip>
      <obj>/home/guido/AED2/tp3/bin/Debug/tp3</obj>
      <fn>LinkLinkItNuevo()</fn>
      <dir>/home/guido/AED2/tp3</dir>
      <file>tests.cpp</file>
      <line>196</line>
    </frame>
    <frame>
      <ip>0x805699E</ip>
      <obj>/home/guido/AED2/tp3/bin/Debug/tp3</obj>
      <fn>main</fn>
      <dir>/home/guido/AED2/tp3</dir>
      <file>tests.cpp</file>
      <line>217</line>
    </frame>
  </stack>
</error>

<errorcounts>
  <pair>
    <count>1</count>
    <unique>0x19</unique>
  </pair>
  <pair>
    <count>1</count>
    <unique>0x18</unique>
  </pair>
  <pair>
    <count>1</count>
    <unique>0x17</unique>
  </pair>
  <pair>
    <count>1</count>
    <unique>0x16</unique>
  </pair>
  <pair>
    <count>1</count>
    <unique>0x15</unique>
  </pair>
  <pair>
    <count>1</count>
    <unique>0x14</unique>
  </pair>
  <pair>
    <count>1</count>
    <unique>0x13</unique>
  </pair>
  <pair>
    <count>1</count>
    <unique>0x12</unique>
  </pair>
  <pair>
    <count>1</count>
    <unique>0x11</unique>
  </pair>
  <pair>
    <count>1</count>
    <unique>0x10</unique>
  </pair>
  <pair>
    <count>1</count>
    <unique>0xf</unique>
  </pair>
  <pair>
    <count>1</count>
    <unique>0xe</unique>
  </pair>
  <pair>
    <count>1</count>
    <unique>0xd</unique>
  </pair>
  <pair>
    <count>1</count>
    <unique>0xc</unique>
  </pair>
  <pair>
    <count>1</count>
    <unique>0xb</unique>
  </pair>
  <pair>
    <count>1</count>
    <unique>0xa</unique>
  </pair>
  <pair>
    <count>1</count>
    <unique>0x9</unique>
  </pair>
  <pair>
    <count>1</count>
    <unique>0x8</unique>
  </pair>
  <pair>
    <count>1</count>
    <unique>0x7</unique>
  </pair>
  <pair>
    <count>1</count>
    <unique>0x6</unique>
  </pair>
  <pair>
    <count>1</count>
    <unique>0x5</unique>
  </pair>
  <pair>
    <count>1</count>
    <unique>0x4</unique>
  </pair>
  <pair>
    <count>1</count>
    <unique>0x3</unique>
  </pair>
  <pair>
    <count>1</count>
    <unique>0x2</unique>
  </pair>
  <pair>
    <count>1</count>
    <unique>0x1</unique>
  </pair>
  <pair>
    <count>1</count>
    <unique>0x0</unique>
  </pair>
</errorcounts>

<suppcounts>
</suppcounts>

</valgrindoutput>

