<?xml version="1.0"?>

<valgrindoutput>

<protocolversion>4</protocolversion>
<protocoltool>memcheck</protocoltool>

<preamble>
  <line>Memcheck, a memory error detector</line>
  <line>Copyright (C) 2002-2011, and GNU GPL'd, by Julian Seward et al.</line>
  <line>Using Valgrind-3.7.0 and LibVEX; rerun with -h for copyright info</line>
  <line>Command: bin/Debug/tp3 </line>
</preamble>

<pid>6104</pid>
<ppid>3188</ppid>
<tool>memcheck</tool>

<args>
  <vargv>
    <exe>/usr/bin/valgrind.bin</exe>
    <arg>--suppressions=/usr/lib/valgrind/debian-libc6-dbg.supp</arg>
    <arg>--leak-check=yes</arg>
    <arg>--xml=yes</arg>
    <arg>--xml-file=ValgrindOut.xml</arg>
  </vargv>
  <argv>
    <exe>bin/Debug/tp3</exe>
    <arg></arg>
  </argv>
</args>

<status>
  <state>RUNNING</state>
  <time>00:00:00:00.048 </time>
</status>

<error>
  <unique>0x0</unique>
  <tid>1</tid>
  <kind>InvalidRead</kind>
  <what>Invalid read of size 4</what>
  <stack>
    <frame>
      <ip>0x804B91E</ip>
      <obj>/home/guido/AED2/tp3/bin/Debug/tp3</obj>
      <fn>aed2::Lista&lt;aed2::ArbolCategorias::DatosCat*&gt;::Longitud() const</fn>
      <dir>/home/guido/AED2/tp3/aed2</dir>
      <file>Lista.cpp</file>
      <line>38</line>
    </frame>
    <frame>
      <ip>0x804AE7E</ip>
      <obj>/home/guido/AED2/tp3/bin/Debug/tp3</obj>
      <fn>aed2::Dicc&lt;aed2::ArbolCategorias::DatosCat*, bool&gt;::CantClaves() const</fn>
      <dir>/home/guido/AED2/tp3/aed2</dir>
      <file>Dicc.cpp</file>
      <line>58</line>
    </frame>
    <frame>
      <ip>0x804A348</ip>
      <obj>/home/guido/AED2/tp3/bin/Debug/tp3</obj>
      <fn>aed2::Conj&lt;aed2::ArbolCategorias::DatosCat*&gt;::EsVacio() const</fn>
      <dir>/home/guido/AED2/tp3/aed2</dir>
      <file>Conj.cpp</file>
      <line>21</line>
    </frame>
    <frame>
      <ip>0x8049319</ip>
      <obj>/home/guido/AED2/tp3/bin/Debug/tp3</obj>
      <fn>aed2::ArbolCategorias::DatosCat::~DatosCat()</fn>
      <dir>/home/guido/AED2/tp3</dir>
      <file>ArbolCategorias.cpp</file>
      <line>52</line>
    </frame>
    <frame>
      <ip>0x8049303</ip>
      <obj>/home/guido/AED2/tp3/bin/Debug/tp3</obj>
      <fn>aed2::ArbolCategorias::DatosCat::~DatosCat()</fn>
      <dir>/home/guido/AED2/tp3</dir>
      <file>ArbolCategorias.cpp</file>
      <line>54</line>
    </frame>
    <frame>
      <ip>0x8049185</ip>
      <obj>/home/guido/AED2/tp3/bin/Debug/tp3</obj>
      <fn>aed2::ArbolCategorias::~ArbolCategorias()</fn>
      <dir>/home/guido/AED2/tp3</dir>
      <file>ArbolCategorias.cpp</file>
      <line>27</line>
    </frame>
    <frame>
      <ip>0x8050D24</ip>
      <obj>/home/guido/AED2/tp3/bin/Debug/tp3</obj>
      <fn>arbolNuevoEsVacio()</fn>
      <dir>/home/guido/AED2/tp3</dir>
      <file>tests.cpp</file>
      <line>59</line>
    </frame>
    <frame>
      <ip>0x8056D75</ip>
      <obj>/home/guido/AED2/tp3/bin/Debug/tp3</obj>
      <fn>main</fn>
      <dir>/home/guido/AED2/tp3</dir>
      <file>tests.cpp</file>
      <line>209</line>
    </frame>
  </stack>
  <auxwhat>Address 0x432cad8 is 16 bytes inside a block of size 32 free'd</auxwhat>
  <stack>
    <frame>
      <ip>0x402ACFC</ip>
      <obj>/usr/lib/valgrind/vgpreload_memcheck-x86-linux.so</obj>
      <fn>operator delete(void*)</fn>
    </frame>
    <frame>
      <ip>0x804930B</ip>
      <obj>/home/guido/AED2/tp3/bin/Debug/tp3</obj>
      <fn>aed2::ArbolCategorias::DatosCat::~DatosCat()</fn>
      <dir>/home/guido/AED2/tp3</dir>
      <file>ArbolCategorias.cpp</file>
      <line>54</line>
    </frame>
    <frame>
      <ip>0x8049185</ip>
      <obj>/home/guido/AED2/tp3/bin/Debug/tp3</obj>
      <fn>aed2::ArbolCategorias::~ArbolCategorias()</fn>
      <dir>/home/guido/AED2/tp3</dir>
      <file>ArbolCategorias.cpp</file>
      <line>27</line>
    </frame>
    <frame>
      <ip>0x8050D24</ip>
      <obj>/home/guido/AED2/tp3/bin/Debug/tp3</obj>
      <fn>arbolNuevoEsVacio()</fn>
      <dir>/home/guido/AED2/tp3</dir>
      <file>tests.cpp</file>
      <line>59</line>
    </frame>
    <frame>
      <ip>0x8056D75</ip>
      <obj>/home/guido/AED2/tp3/bin/Debug/tp3</obj>
      <fn>main</fn>
      <dir>/home/guido/AED2/tp3</dir>
      <file>tests.cpp</file>
      <line>209</line>
    </frame>
  </stack>
</error>

<error>
  <unique>0x1</unique>
  <tid>1</tid>
  <kind>InvalidRead</kind>
  <what>Invalid read of size 4</what>
  <stack>
    <frame>
      <ip>0x8049324</ip>
      <obj>/home/guido/AED2/tp3/bin/Debug/tp3</obj>
      <fn>aed2::ArbolCategorias::DatosCat::~DatosCat()</fn>
      <dir>/home/guido/AED2/tp3</dir>
      <file>ArbolCategorias.cpp</file>
      <line>57</line>
    </frame>
    <frame>
      <ip>0x8049303</ip>
      <obj>/home/guido/AED2/tp3/bin/Debug/tp3</obj>
      <fn>aed2::ArbolCategorias::DatosCat::~DatosCat()</fn>
      <dir>/home/guido/AED2/tp3</dir>
      <file>ArbolCategorias.cpp</file>
      <line>54</line>
    </frame>
    <frame>
      <ip>0x8049185</ip>
      <obj>/home/guido/AED2/tp3/bin/Debug/tp3</obj>
      <fn>aed2::ArbolCategorias::~ArbolCategorias()</fn>
      <dir>/home/guido/AED2/tp3</dir>
      <file>ArbolCategorias.cpp</file>
      <line>27</line>
    </frame>
    <frame>
      <ip>0x8050D24</ip>
      <obj>/home/guido/AED2/tp3/bin/Debug/tp3</obj>
      <fn>arbolNuevoEsVacio()</fn>
      <dir>/home/guido/AED2/tp3</dir>
      <file>tests.cpp</file>
      <line>59</line>
    </frame>
    <frame>
      <ip>0x8056D75</ip>
      <obj>/home/guido/AED2/tp3/bin/Debug/tp3</obj>
      <fn>main</fn>
      <dir>/home/guido/AED2/tp3</dir>
      <file>tests.cpp</file>
      <line>209</line>
    </frame>
  </stack>
  <auxwhat>Address 0x432cae4 is 28 bytes inside a block of size 32 free'd</auxwhat>
  <stack>
    <frame>
      <ip>0x402ACFC</ip>
      <obj>/usr/lib/valgrind/vgpreload_memcheck-x86-linux.so</obj>
      <fn>operator delete(void*)</fn>
    </frame>
    <frame>
      <ip>0x804930B</ip>
      <obj>/home/guido/AED2/tp3/bin/Debug/tp3</obj>
      <fn>aed2::ArbolCategorias::DatosCat::~DatosCat()</fn>
      <dir>/home/guido/AED2/tp3</dir>
      <file>ArbolCategorias.cpp</file>
      <line>54</line>
    </frame>
    <frame>
      <ip>0x8049185</ip>
      <obj>/home/guido/AED2/tp3/bin/Debug/tp3</obj>
      <fn>aed2::ArbolCategorias::~ArbolCategorias()</fn>
      <dir>/home/guido/AED2/tp3</dir>
      <file>ArbolCategorias.cpp</file>
      <line>27</line>
    </frame>
    <frame>
      <ip>0x8050D24</ip>
      <obj>/home/guido/AED2/tp3/bin/Debug/tp3</obj>
      <fn>arbolNuevoEsVacio()</fn>
      <dir>/home/guido/AED2/tp3</dir>
      <file>tests.cpp</file>
      <line>59</line>
    </frame>
    <frame>
      <ip>0x8056D75</ip>
      <obj>/home/guido/AED2/tp3/bin/Debug/tp3</obj>
      <fn>main</fn>
      <dir>/home/guido/AED2/tp3</dir>
      <file>tests.cpp</file>
      <line>209</line>
    </frame>
  </stack>
</error>

<error>
  <unique>0x2</unique>
  <tid>1</tid>
  <kind>InvalidRead</kind>
  <what>Invalid read of size 4</what>
  <stack>
    <frame>
      <ip>0x804A956</ip>
      <obj>/home/guido/AED2/tp3/bin/Debug/tp3</obj>
      <fn>aed2::Lista&lt;bool&gt;::EsVacia() const</fn>
      <dir>/home/guido/AED2/tp3/aed2</dir>
      <file>Lista.cpp</file>
      <line>32</line>
    </frame>
    <frame>
      <ip>0x804A063</ip>
      <obj>/home/guido/AED2/tp3/bin/Debug/tp3</obj>
      <fn>aed2::Lista&lt;bool&gt;::~Lista()</fn>
      <dir>/home/guido/AED2/tp3/aed2</dir>
      <file>Lista.cpp</file>
      <line>26</line>
    </frame>
    <frame>
      <ip>0x8049FEA</ip>
      <obj>/home/guido/AED2/tp3/bin/Debug/tp3</obj>
      <fn>aed2::Dicc&lt;aed2::ArbolCategorias::DatosCat*, bool&gt;::~Dicc()</fn>
    </frame>
    <frame>
      <ip>0x804A024</ip>
      <obj>/home/guido/AED2/tp3/bin/Debug/tp3</obj>
      <fn>aed2::Conj&lt;aed2::ArbolCategorias::DatosCat*&gt;::~Conj()</fn>
      <dir>/home/guido/AED2/tp3/aed2</dir>
      <file>Conj.h</file>
      <line>17</line>
    </frame>
    <frame>
      <ip>0x8049342</ip>
      <obj>/home/guido/AED2/tp3/bin/Debug/tp3</obj>
      <fn>aed2::ArbolCategorias::DatosCat::~DatosCat()</fn>
      <dir>/home/guido/AED2/tp3</dir>
      <file>ArbolCategorias.cpp</file>
      <line>49</line>
    </frame>
    <frame>
      <ip>0x8049303</ip>
      <obj>/home/guido/AED2/tp3/bin/Debug/tp3</obj>
      <fn>aed2::ArbolCategorias::DatosCat::~DatosCat()</fn>
      <dir>/home/guido/AED2/tp3</dir>
      <file>ArbolCategorias.cpp</file>
      <line>54</line>
    </frame>
    <frame>
      <ip>0x8049185</ip>
      <obj>/home/guido/AED2/tp3/bin/Debug/tp3</obj>
      <fn>aed2::ArbolCategorias::~ArbolCategorias()</fn>
      <dir>/home/guido/AED2/tp3</dir>
      <file>ArbolCategorias.cpp</file>
      <line>27</line>
    </frame>
    <frame>
      <ip>0x8050D24</ip>
      <obj>/home/guido/AED2/tp3/bin/Debug/tp3</obj>
      <fn>arbolNuevoEsVacio()</fn>
      <dir>/home/guido/AED2/tp3</dir>
      <file>tests.cpp</file>
      <line>59</line>
    </frame>
    <frame>
      <ip>0x8056D75</ip>
      <obj>/home/guido/AED2/tp3/bin/Debug/tp3</obj>
      <fn>main</fn>
      <dir>/home/guido/AED2/tp3</dir>
      <file>tests.cpp</file>
      <line>209</line>
    </frame>
  </stack>
  <auxwhat>Address 0x432cadc is 20 bytes inside a block of size 32 free'd</auxwhat>
  <stack>
    <frame>
      <ip>0x402ACFC</ip>
      <obj>/usr/lib/valgrind/vgpreload_memcheck-x86-linux.so</obj>
      <fn>operator delete(void*)</fn>
    </frame>
    <frame>
      <ip>0x804930B</ip>
      <obj>/home/guido/AED2/tp3/bin/Debug/tp3</obj>
      <fn>aed2::ArbolCategorias::DatosCat::~DatosCat()</fn>
      <dir>/home/guido/AED2/tp3</dir>
      <file>ArbolCategorias.cpp</file>
      <line>54</line>
    </frame>
    <frame>
      <ip>0x8049185</ip>
      <obj>/home/guido/AED2/tp3/bin/Debug/tp3</obj>
      <fn>aed2::ArbolCategorias::~ArbolCategorias()</fn>
      <dir>/home/guido/AED2/tp3</dir>
      <file>ArbolCategorias.cpp</file>
      <line>27</line>
    </frame>
    <frame>
      <ip>0x8050D24</ip>
      <obj>/home/guido/AED2/tp3/bin/Debug/tp3</obj>
      <fn>arbolNuevoEsVacio()</fn>
      <dir>/home/guido/AED2/tp3</dir>
      <file>tests.cpp</file>
      <line>59</line>
    </frame>
    <frame>
      <ip>0x8056D75</ip>
      <obj>/home/guido/AED2/tp3/bin/Debug/tp3</obj>
      <fn>main</fn>
      <dir>/home/guido/AED2/tp3</dir>
      <file>tests.cpp</file>
      <line>209</line>
    </frame>
  </stack>
</error>

<error>
  <unique>0x3</unique>
  <tid>1</tid>
  <kind>InvalidRead</kind>
  <what>Invalid read of size 4</what>
  <stack>
    <frame>
      <ip>0x804AAEA</ip>
      <obj>/home/guido/AED2/tp3/bin/Debug/tp3</obj>
      <fn>aed2::Lista&lt;aed2::ArbolCategorias::DatosCat*&gt;::EsVacia() const</fn>
      <dir>/home/guido/AED2/tp3/aed2</dir>
      <file>Lista.cpp</file>
      <line>32</line>
    </frame>
    <frame>
      <ip>0x804A137</ip>
      <obj>/home/guido/AED2/tp3/bin/Debug/tp3</obj>
      <fn>aed2::Lista&lt;aed2::ArbolCategorias::DatosCat*&gt;::~Lista()</fn>
      <dir>/home/guido/AED2/tp3/aed2</dir>
      <file>Lista.cpp</file>
      <line>26</line>
    </frame>
    <frame>
      <ip>0x8049FF5</ip>
      <obj>/home/guido/AED2/tp3/bin/Debug/tp3</obj>
      <fn>aed2::Dicc&lt;aed2::ArbolCategorias::DatosCat*, bool&gt;::~Dicc()</fn>
    </frame>
    <frame>
      <ip>0x804A024</ip>
      <obj>/home/guido/AED2/tp3/bin/Debug/tp3</obj>
      <fn>aed2::Conj&lt;aed2::ArbolCategorias::DatosCat*&gt;::~Conj()</fn>
      <dir>/home/guido/AED2/tp3/aed2</dir>
      <file>Conj.h</file>
      <line>17</line>
    </frame>
    <frame>
      <ip>0x8049342</ip>
      <obj>/home/guido/AED2/tp3/bin/Debug/tp3</obj>
      <fn>aed2::ArbolCategorias::DatosCat::~DatosCat()</fn>
      <dir>/home/guido/AED2/tp3</dir>
      <file>ArbolCategorias.cpp</file>
      <line>49</line>
    </frame>
    <frame>
      <ip>0x8049303</ip>
      <obj>/home/guido/AED2/tp3/bin/Debug/tp3</obj>
      <fn>aed2::ArbolCategorias::DatosCat::~DatosCat()</fn>
      <dir>/home/guido/AED2/tp3</dir>
      <file>ArbolCategorias.cpp</file>
      <line>54</line>
    </frame>
    <frame>
      <ip>0x8049185</ip>
      <obj>/home/guido/AED2/tp3/bin/Debug/tp3</obj>
      <fn>aed2::ArbolCategorias::~ArbolCategorias()</fn>
      <dir>/home/guido/AED2/tp3</dir>
      <file>ArbolCategorias.cpp</file>
      <line>27</line>
    </frame>
    <frame>
      <ip>0x8050D24</ip>
      <obj>/home/guido/AED2/tp3/bin/Debug/tp3</obj>
      <fn>arbolNuevoEsVacio()</fn>
      <dir>/home/guido/AED2/tp3</dir>
      <file>tests.cpp</file>
      <line>59</line>
    </frame>
    <frame>
      <ip>0x8056D75</ip>
      <obj>/home/guido/AED2/tp3/bin/Debug/tp3</obj>
      <fn>main</fn>
      <dir>/home/guido/AED2/tp3</dir>
      <file>tests.cpp</file>
      <line>209</line>
    </frame>
  </stack>
  <auxwhat>Address 0x432cad4 is 12 bytes inside a block of size 32 free'd</auxwhat>
  <stack>
    <frame>
      <ip>0x402ACFC</ip>
      <obj>/usr/lib/valgrind/vgpreload_memcheck-x86-linux.so</obj>
      <fn>operator delete(void*)</fn>
    </frame>
    <frame>
      <ip>0x804930B</ip>
      <obj>/home/guido/AED2/tp3/bin/Debug/tp3</obj>
      <fn>aed2::ArbolCategorias::DatosCat::~DatosCat()</fn>
      <dir>/home/guido/AED2/tp3</dir>
      <file>ArbolCategorias.cpp</file>
      <line>54</line>
    </frame>
    <frame>
      <ip>0x8049185</ip>
      <obj>/home/guido/AED2/tp3/bin/Debug/tp3</obj>
      <fn>aed2::ArbolCategorias::~ArbolCategorias()</fn>
      <dir>/home/guido/AED2/tp3</dir>
      <file>ArbolCategorias.cpp</file>
      <line>27</line>
    </frame>
    <frame>
      <ip>0x8050D24</ip>
      <obj>/home/guido/AED2/tp3/bin/Debug/tp3</obj>
      <fn>arbolNuevoEsVacio()</fn>
      <dir>/home/guido/AED2/tp3</dir>
      <file>tests.cpp</file>
      <line>59</line>
    </frame>
    <frame>
      <ip>0x8056D75</ip>
      <obj>/home/guido/AED2/tp3/bin/Debug/tp3</obj>
      <fn>main</fn>
      <dir>/home/guido/AED2/tp3</dir>
      <file>tests.cpp</file>
      <line>209</line>
    </frame>
  </stack>
</error>

<error>
  <unique>0x4</unique>
  <tid>1</tid>
  <kind>InvalidRead</kind>
  <what>Invalid read of size 4</what>
  <stack>
    <frame>
      <ip>0x40DDA33</ip>
      <obj>/usr/lib/i386-linux-gnu/libstdc++.so.6.0.16</obj>
      <fn>std::basic_string&lt;char, std::char_traits&lt;char&gt;, std::allocator&lt;char&gt; &gt;::~basic_string()</fn>
    </frame>
    <frame>
      <ip>0x8049303</ip>
      <obj>/home/guido/AED2/tp3/bin/Debug/tp3</obj>
      <fn>aed2::ArbolCategorias::DatosCat::~DatosCat()</fn>
      <dir>/home/guido/AED2/tp3</dir>
      <file>ArbolCategorias.cpp</file>
      <line>54</line>
    </frame>
    <frame>
      <ip>0x8049185</ip>
      <obj>/home/guido/AED2/tp3/bin/Debug/tp3</obj>
      <fn>aed2::ArbolCategorias::~ArbolCategorias()</fn>
      <dir>/home/guido/AED2/tp3</dir>
      <file>ArbolCategorias.cpp</file>
      <line>27</line>
    </frame>
    <frame>
      <ip>0x8050D24</ip>
      <obj>/home/guido/AED2/tp3/bin/Debug/tp3</obj>
      <fn>arbolNuevoEsVacio()</fn>
      <dir>/home/guido/AED2/tp3</dir>
      <file>tests.cpp</file>
      <line>59</line>
    </frame>
    <frame>
      <ip>0x8056D75</ip>
      <obj>/home/guido/AED2/tp3/bin/Debug/tp3</obj>
      <fn>main</fn>
      <dir>/home/guido/AED2/tp3</dir>
      <file>tests.cpp</file>
      <line>209</line>
    </frame>
  </stack>
  <auxwhat>Address 0x432cac8 is 0 bytes inside a block of size 32 free'd</auxwhat>
  <stack>
    <frame>
      <ip>0x402ACFC</ip>
      <obj>/usr/lib/valgrind/vgpreload_memcheck-x86-linux.so</obj>
      <fn>operator delete(void*)</fn>
    </frame>
    <frame>
      <ip>0x804930B</ip>
      <obj>/home/guido/AED2/tp3/bin/Debug/tp3</obj>
      <fn>aed2::ArbolCategorias::DatosCat::~DatosCat()</fn>
      <dir>/home/guido/AED2/tp3</dir>
      <file>ArbolCategorias.cpp</file>
      <line>54</line>
    </frame>
    <frame>
      <ip>0x8049185</ip>
      <obj>/home/guido/AED2/tp3/bin/Debug/tp3</obj>
      <fn>aed2::ArbolCategorias::~ArbolCategorias()</fn>
      <dir>/home/guido/AED2/tp3</dir>
      <file>ArbolCategorias.cpp</file>
      <line>27</line>
    </frame>
    <frame>
      <ip>0x8050D24</ip>
      <obj>/home/guido/AED2/tp3/bin/Debug/tp3</obj>
      <fn>arbolNuevoEsVacio()</fn>
      <dir>/home/guido/AED2/tp3</dir>
      <file>tests.cpp</file>
      <line>59</line>
    </frame>
    <frame>
      <ip>0x8056D75</ip>
      <obj>/home/guido/AED2/tp3/bin/Debug/tp3</obj>
      <fn>main</fn>
      <dir>/home/guido/AED2/tp3</dir>
      <file>tests.cpp</file>
      <line>209</line>
    </frame>
  </stack>
</error>

<error>
  <unique>0x5</unique>
  <tid>1</tid>
  <kind>InvalidFree</kind>
  <what>Invalid free() / delete / delete[] / realloc()</what>
  <stack>
    <frame>
      <ip>0x402ACFC</ip>
      <obj>/usr/lib/valgrind/vgpreload_memcheck-x86-linux.so</obj>
      <fn>operator delete(void*)</fn>
    </frame>
    <frame>
      <ip>0x804930B</ip>
      <obj>/home/guido/AED2/tp3/bin/Debug/tp3</obj>
      <fn>aed2::ArbolCategorias::DatosCat::~DatosCat()</fn>
      <dir>/home/guido/AED2/tp3</dir>
      <file>ArbolCategorias.cpp</file>
      <line>54</line>
    </frame>
    <frame>
      <ip>0x8049185</ip>
      <obj>/home/guido/AED2/tp3/bin/Debug/tp3</obj>
      <fn>aed2::ArbolCategorias::~ArbolCategorias()</fn>
      <dir>/home/guido/AED2/tp3</dir>
      <file>ArbolCategorias.cpp</file>
      <line>27</line>
    </frame>
    <frame>
      <ip>0x8050D24</ip>
      <obj>/home/guido/AED2/tp3/bin/Debug/tp3</obj>
      <fn>arbolNuevoEsVacio()</fn>
      <dir>/home/guido/AED2/tp3</dir>
      <file>tests.cpp</file>
      <line>59</line>
    </frame>
    <frame>
      <ip>0x8056D75</ip>
      <obj>/home/guido/AED2/tp3/bin/Debug/tp3</obj>
      <fn>main</fn>
      <dir>/home/guido/AED2/tp3</dir>
      <file>tests.cpp</file>
      <line>209</line>
    </frame>
  </stack>
  <auxwhat>Address 0x432cac8 is 0 bytes inside a block of size 32 free'd</auxwhat>
  <stack>
    <frame>
      <ip>0x402ACFC</ip>
      <obj>/usr/lib/valgrind/vgpreload_memcheck-x86-linux.so</obj>
      <fn>operator delete(void*)</fn>
    </frame>
    <frame>
      <ip>0x804930B</ip>
      <obj>/home/guido/AED2/tp3/bin/Debug/tp3</obj>
      <fn>aed2::ArbolCategorias::DatosCat::~DatosCat()</fn>
      <dir>/home/guido/AED2/tp3</dir>
      <file>ArbolCategorias.cpp</file>
      <line>54</line>
    </frame>
    <frame>
      <ip>0x8049185</ip>
      <obj>/home/guido/AED2/tp3/bin/Debug/tp3</obj>
      <fn>aed2::ArbolCategorias::~ArbolCategorias()</fn>
      <dir>/home/guido/AED2/tp3</dir>
      <file>ArbolCategorias.cpp</file>
      <line>27</line>
    </frame>
    <frame>
      <ip>0x8050D24</ip>
      <obj>/home/guido/AED2/tp3/bin/Debug/tp3</obj>
      <fn>arbolNuevoEsVacio()</fn>
      <dir>/home/guido/AED2/tp3</dir>
      <file>tests.cpp</file>
      <line>59</line>
    </frame>
    <frame>
      <ip>0x8056D75</ip>
      <obj>/home/guido/AED2/tp3/bin/Debug/tp3</obj>
      <fn>main</fn>
      <dir>/home/guido/AED2/tp3</dir>
      <file>tests.cpp</file>
      <line>209</line>
    </frame>
  </stack>
</error>

<error>
  <unique>0x11</unique>
  <tid>1</tid>
  <kind>InvalidRead</kind>
  <what>Invalid read of size 4</what>
  <stack>
    <frame>
      <ip>0x40DD9C3</ip>
      <obj>/usr/lib/i386-linux-gnu/libstdc++.so.6.0.16</obj>
    </frame>
    <frame>
      <ip>0x8049303</ip>
      <obj>/home/guido/AED2/tp3/bin/Debug/tp3</obj>
      <fn>aed2::ArbolCategorias::DatosCat::~DatosCat()</fn>
      <dir>/home/guido/AED2/tp3</dir>
      <file>ArbolCategorias.cpp</file>
      <line>54</line>
    </frame>
    <frame>
      <ip>0x8049185</ip>
      <obj>/home/guido/AED2/tp3/bin/Debug/tp3</obj>
      <fn>aed2::ArbolCategorias::~ArbolCategorias()</fn>
      <dir>/home/guido/AED2/tp3</dir>
      <file>ArbolCategorias.cpp</file>
      <line>27</line>
    </frame>
    <frame>
      <ip>0x8050D24</ip>
      <obj>/home/guido/AED2/tp3/bin/Debug/tp3</obj>
      <fn>arbolNuevoEsVacio()</fn>
      <dir>/home/guido/AED2/tp3</dir>
      <file>tests.cpp</file>
      <line>59</line>
    </frame>
    <frame>
      <ip>0x8056D75</ip>
      <obj>/home/guido/AED2/tp3/bin/Debug/tp3</obj>
      <fn>main</fn>
      <dir>/home/guido/AED2/tp3</dir>
      <file>tests.cpp</file>
      <line>209</line>
    </frame>
  </stack>
  <auxwhat>Address 0x432ca40 is 8 bytes inside a block of size 17 free'd</auxwhat>
  <stack>
    <frame>
      <ip>0x402ACFC</ip>
      <obj>/usr/lib/valgrind/vgpreload_memcheck-x86-linux.so</obj>
      <fn>operator delete(void*)</fn>
    </frame>
    <frame>
      <ip>0x40DD99A</ip>
      <obj>/usr/lib/i386-linux-gnu/libstdc++.so.6.0.16</obj>
      <fn>std::string::_Rep::_M_destroy(std::allocator&lt;char&gt; const&amp;)</fn>
    </frame>
    <frame>
      <ip>0x8049303</ip>
      <obj>/home/guido/AED2/tp3/bin/Debug/tp3</obj>
      <fn>aed2::ArbolCategorias::DatosCat::~DatosCat()</fn>
      <dir>/home/guido/AED2/tp3</dir>
      <file>ArbolCategorias.cpp</file>
      <line>54</line>
    </frame>
    <frame>
      <ip>0x8049185</ip>
      <obj>/home/guido/AED2/tp3/bin/Debug/tp3</obj>
      <fn>aed2::ArbolCategorias::~ArbolCategorias()</fn>
      <dir>/home/guido/AED2/tp3</dir>
      <file>ArbolCategorias.cpp</file>
      <line>27</line>
    </frame>
    <frame>
      <ip>0x8050D24</ip>
      <obj>/home/guido/AED2/tp3/bin/Debug/tp3</obj>
      <fn>arbolNuevoEsVacio()</fn>
      <dir>/home/guido/AED2/tp3</dir>
      <file>tests.cpp</file>
      <line>59</line>
    </frame>
    <frame>
      <ip>0x8056D75</ip>
      <obj>/home/guido/AED2/tp3/bin/Debug/tp3</obj>
      <fn>main</fn>
      <dir>/home/guido/AED2/tp3</dir>
      <file>tests.cpp</file>
      <line>209</line>
    </frame>
  </stack>
</error>

<error>
  <unique>0x12</unique>
  <tid>1</tid>
  <kind>InvalidWrite</kind>
  <what>Invalid write of size 4</what>
  <stack>
    <frame>
      <ip>0x40DD9C9</ip>
      <obj>/usr/lib/i386-linux-gnu/libstdc++.so.6.0.16</obj>
    </frame>
    <frame>
      <ip>0x8049303</ip>
      <obj>/home/guido/AED2/tp3/bin/Debug/tp3</obj>
      <fn>aed2::ArbolCategorias::DatosCat::~DatosCat()</fn>
      <dir>/home/guido/AED2/tp3</dir>
      <file>ArbolCategorias.cpp</file>
      <line>54</line>
    </frame>
    <frame>
      <ip>0x8049185</ip>
      <obj>/home/guido/AED2/tp3/bin/Debug/tp3</obj>
      <fn>aed2::ArbolCategorias::~ArbolCategorias()</fn>
      <dir>/home/guido/AED2/tp3</dir>
      <file>ArbolCategorias.cpp</file>
      <line>27</line>
    </frame>
    <frame>
      <ip>0x8050D24</ip>
      <obj>/home/guido/AED2/tp3/bin/Debug/tp3</obj>
      <fn>arbolNuevoEsVacio()</fn>
      <dir>/home/guido/AED2/tp3</dir>
      <file>tests.cpp</file>
      <line>59</line>
    </frame>
    <frame>
      <ip>0x8056D75</ip>
      <obj>/home/guido/AED2/tp3/bin/Debug/tp3</obj>
      <fn>main</fn>
      <dir>/home/guido/AED2/tp3</dir>
      <file>tests.cpp</file>
      <line>209</line>
    </frame>
  </stack>
  <auxwhat>Address 0x432ca40 is 8 bytes inside a block of size 17 free'd</auxwhat>
  <stack>
    <frame>
      <ip>0x402ACFC</ip>
      <obj>/usr/lib/valgrind/vgpreload_memcheck-x86-linux.so</obj>
      <fn>operator delete(void*)</fn>
    </frame>
    <frame>
      <ip>0x40DD99A</ip>
      <obj>/usr/lib/i386-linux-gnu/libstdc++.so.6.0.16</obj>
      <fn>std::string::_Rep::_M_destroy(std::allocator&lt;char&gt; const&amp;)</fn>
    </frame>
    <frame>
      <ip>0x8049303</ip>
      <obj>/home/guido/AED2/tp3/bin/Debug/tp3</obj>
      <fn>aed2::ArbolCategorias::DatosCat::~DatosCat()</fn>
      <dir>/home/guido/AED2/tp3</dir>
      <file>ArbolCategorias.cpp</file>
      <line>54</line>
    </frame>
    <frame>
      <ip>0x8049185</ip>
      <obj>/home/guido/AED2/tp3/bin/Debug/tp3</obj>
      <fn>aed2::ArbolCategorias::~ArbolCategorias()</fn>
      <dir>/home/guido/AED2/tp3</dir>
      <file>ArbolCategorias.cpp</file>
      <line>27</line>
    </frame>
    <frame>
      <ip>0x8050D24</ip>
      <obj>/home/guido/AED2/tp3/bin/Debug/tp3</obj>
      <fn>arbolNuevoEsVacio()</fn>
      <dir>/home/guido/AED2/tp3</dir>
      <file>tests.cpp</file>
      <line>59</line>
    </frame>
    <frame>
      <ip>0x8056D75</ip>
      <obj>/home/guido/AED2/tp3/bin/Debug/tp3</obj>
      <fn>main</fn>
      <dir>/home/guido/AED2/tp3</dir>
      <file>tests.cpp</file>
      <line>209</line>
    </frame>
  </stack>
</error>

<error>
  <unique>0x13</unique>
  <tid>1</tid>
  <kind>InvalidFree</kind>
  <what>Invalid free() / delete / delete[] / realloc()</what>
  <stack>
    <frame>
      <ip>0x402ACFC</ip>
      <obj>/usr/lib/valgrind/vgpreload_memcheck-x86-linux.so</obj>
      <fn>operator delete(void*)</fn>
    </frame>
    <frame>
      <ip>0x40DD99A</ip>
      <obj>/usr/lib/i386-linux-gnu/libstdc++.so.6.0.16</obj>
      <fn>std::string::_Rep::_M_destroy(std::allocator&lt;char&gt; const&amp;)</fn>
    </frame>
    <frame>
      <ip>0x8049303</ip>
      <obj>/home/guido/AED2/tp3/bin/Debug/tp3</obj>
      <fn>aed2::ArbolCategorias::DatosCat::~DatosCat()</fn>
      <dir>/home/guido/AED2/tp3</dir>
      <file>ArbolCategorias.cpp</file>
      <line>54</line>
    </frame>
    <frame>
      <ip>0x8049185</ip>
      <obj>/home/guido/AED2/tp3/bin/Debug/tp3</obj>
      <fn>aed2::ArbolCategorias::~ArbolCategorias()</fn>
      <dir>/home/guido/AED2/tp3</dir>
      <file>ArbolCategorias.cpp</file>
      <line>27</line>
    </frame>
    <frame>
      <ip>0x8050D24</ip>
      <obj>/home/guido/AED2/tp3/bin/Debug/tp3</obj>
      <fn>arbolNuevoEsVacio()</fn>
      <dir>/home/guido/AED2/tp3</dir>
      <file>tests.cpp</file>
      <line>59</line>
    </frame>
    <frame>
      <ip>0x8056D75</ip>
      <obj>/home/guido/AED2/tp3/bin/Debug/tp3</obj>
      <fn>main</fn>
      <dir>/home/guido/AED2/tp3</dir>
      <file>tests.cpp</file>
      <line>209</line>
    </frame>
  </stack>
  <auxwhat>Address 0x432ca38 is 0 bytes inside a block of size 17 free'd</auxwhat>
  <stack>
    <frame>
      <ip>0x402ACFC</ip>
      <obj>/usr/lib/valgrind/vgpreload_memcheck-x86-linux.so</obj>
      <fn>operator delete(void*)</fn>
    </frame>
    <frame>
      <ip>0x40DD99A</ip>
      <obj>/usr/lib/i386-linux-gnu/libstdc++.so.6.0.16</obj>
      <fn>std::string::_Rep::_M_destroy(std::allocator&lt;char&gt; const&amp;)</fn>
    </frame>
    <frame>
      <ip>0x8049303</ip>
      <obj>/home/guido/AED2/tp3/bin/Debug/tp3</obj>
      <fn>aed2::ArbolCategorias::DatosCat::~DatosCat()</fn>
      <dir>/home/guido/AED2/tp3</dir>
      <file>ArbolCategorias.cpp</file>
      <line>54</line>
    </frame>
    <frame>
      <ip>0x8049185</ip>
      <obj>/home/guido/AED2/tp3/bin/Debug/tp3</obj>
      <fn>aed2::ArbolCategorias::~ArbolCategorias()</fn>
      <dir>/home/guido/AED2/tp3</dir>
      <file>ArbolCategorias.cpp</file>
      <line>27</line>
    </frame>
    <frame>
      <ip>0x8050D24</ip>
      <obj>/home/guido/AED2/tp3/bin/Debug/tp3</obj>
      <fn>arbolNuevoEsVacio()</fn>
      <dir>/home/guido/AED2/tp3</dir>
      <file>tests.cpp</file>
      <line>59</line>
    </frame>
    <frame>
      <ip>0x8056D75</ip>
      <obj>/home/guido/AED2/tp3/bin/Debug/tp3</obj>
      <fn>main</fn>
      <dir>/home/guido/AED2/tp3</dir>
      <file>tests.cpp</file>
      <line>209</line>
    </frame>
  </stack>
</error>

