<?xml version="1.0"?>

<valgrindoutput>

<protocolversion>4</protocolversion>
<protocoltool>memcheck</protocoltool>

<preamble>
  <line>Memcheck, a memory error detector</line>
  <line>Copyright (C) 2002-2011, and GNU GPL'd, by Julian Seward et al.</line>
  <line>Using Valgrind-3.7.0 and LibVEX; rerun with -h for copyright info</line>
  <line>Command: bin/Debug/tp3 </line>
</preamble>

<pid>3854</pid>
<ppid>3633</ppid>
<tool>memcheck</tool>

<args>
  <vargv>
    <exe>/usr/bin/valgrind.bin</exe>
    <arg>--suppressions=/usr/lib/valgrind/debian-libc6-dbg.supp</arg>
    <arg>--leak-check=yes</arg>
    <arg>--xml=yes</arg>
    <arg>--xml-file=ValgrindOut.xml</arg>
  </vargv>
  <argv>
    <exe>bin/Debug/tp3</exe>
    <arg></arg>
  </argv>
</args>

<status>
  <state>RUNNING</state>
  <time>00:00:00:00.131 </time>
</status>


<status>
  <state>FINISHED</state>
  <time>00:00:00:01.608 </time>
</status>

<errorcounts>
</errorcounts>

<suppcounts>
</suppcounts>

</valgrindoutput>

